model,test_price
 Fiesta,10611.365
 Kuga,15859.091
 Fiesta,11562.784
 Grand Tourneo Connect,9798.459
 C-MAX,10583.819
 Focus,10773.513
 Puma,17501.317
 Fiesta,7855.47
 Fiesta,7375.293
 Fiesta,8470.189
 Fiesta,8560.7
 Focus,14617.391333333335
 Kuga,15197.16
 Focus,26396.678166666665
 Focus,10867.171
 EcoSport,10607.458
 Ka+,9634.433
 Focus,16608.375
 Focus,13336.427
 Focus,16506.94475
 Fiesta,8131.098
 Focus,17674.23023809524
 C-MAX,14055.969
 Fiesta,13941.175
 Fiesta,8792.937
 Fiesta,13439.943
 Focus,11877.696
 Fiesta,16674.803
 Fiesta,6067.05
 Fiesta,10719.648
 Mondeo,12902.704
 Fiesta,10078.806
 Focus,5009.0
 Kuga,8507.159
 Fiesta,6973.547
 Focus,15626.226
 Fiesta,16522.582
 Kuga,13357.743
 Kuga,10980.095
 Ka+,9843.847
 S-MAX,11237.86
 Focus,12351.803
 Focus,17177.744
 Kuga,16012.552
 Focus,10388.304
 Kuga,12780.754
 EcoSport,9849.066
 Focus,8228.615
 Fiesta,9914.573
 Focus,9833.423
 Ka+,7709.334
 Focus,18326.044
 Fiesta,13920.051
 Kuga,14732.107
 Kuga,17457.472
 Edge,18711.878
 C-MAX,10740.515
 Kuga,14959.799
 Focus,16410.1
 Galaxy,27611.3365
 Fiesta,7511.5
 EcoSport,9448.709
 KA,5338.157
 Fiesta,1656.25075
 Fiesta,11468.959166666666
 Focus,24089.803
 Fiesta,8749.88
 C-MAX,9689.885
 S-MAX,25412.160047619043
 Focus,10236.076
 Ka+,8806.433
 Fiesta,3340.404
 Mondeo,12913.398
 Tourneo Custom,25207.257
 Fiesta,7095.468
 Kuga,15058.841
 Focus,4922.572
 C-MAX,10843.175
 Fiesta,7978.465
 Fiesta,10616.618050000001
 Focus,10055.867
 Fiesta,9685.737833333333
 Fiesta,8040.46
 EcoSport,8523.831
 Ka+,8116.635
 Fiesta,11977.46
 EcoSport,10547.643
 Kuga,11599.711
 EcoSport,11464.664
 Kuga,11097.686
 EcoSport,12631.337
 Focus,17037.921
 EcoSport,10143.751
 Mondeo,19861.916666666668
 Fiesta,9190.3
 Kuga,14436.003
 Puma,21025.731
 Fiesta,16659.176333333333
 Focus,17674.23023809524
 Kuga,15525.24
 Focus,17496.993
 Fiesta,11526.572
 Mustang,32118.069
 Grand C-MAX,10433.509
 Fiesta,10257.89
 Fiesta,17015.171
 Fiesta,7002.825
 Kuga,13355.757
 Focus,10906.066
 Focus,6731.196
 Mondeo,16740.233
 Fiesta,12009.266
 Focus,9492.076
 Fiesta,10145.475166666667
 S-MAX,17060.724
 Focus,10532.52
 Fiesta,7855.377
 Focus,9400.568
 Fiesta,8798.207
 Fiesta,8825.025
 Galaxy,11697.651
 Fiesta,6104.635
 Kuga,17092.329
 Fiesta,14389.189
 B-MAX,9028.536
 Fiesta,10228.411
 Kuga,16736.007
 Fiesta,3482.744
 Fiesta,9248.868
 Fiesta,10564.037
 Fiesta,7929.938
 Fiesta,8965.649
 Fiesta,11539.919
 EcoSport,9425.2965
 EcoSport,10338.333
 Focus,11489.593
 Kuga,12397.06
 Focus,16152.932
 Fiesta,9054.196
 Focus,16632.022
 Fiesta,8329.741
 Kuga,16448.337
 Fiesta,14572.714
 Fiesta,7931.402
 Fiesta,8380.079
 C-MAX,7617.535
 Fiesta,6570.048
 Fiesta,11873.97
 Focus,10915.437
 Focus,19164.425
 Fiesta,15104.729
 C-MAX,11781.567
 Fiesta,9498.688
 Focus,8041.901
 C-MAX,8937.413
 Focus,6985.556
 Fiesta,10585.373
 C-MAX,8142.472
 Kuga,20620.702
 Grand C-MAX,11561.834
 Kuga,20356.77
 Kuga,12330.872
 Fiesta,7943.82
 Focus,18799.836
 Kuga,13996.515
 Fiesta,7359.539
 Fiesta,7054.78
 Fiesta,13456.71
 Focus,5968.212
 Focus,11465.814
 EcoSport,15704.08
 Grand C-MAX,12528.522
 Fiesta,12359.158
 Fiesta,10097.777
 Ka+,7893.442
 Kuga,13536.02
 Kuga,9790.249
 Ka+,11855.933333333334
 Edge,25045.513
 Fiesta,8234.057
 Fiesta,10230.196
 Kuga,18870.394
 Fiesta,7948.76
 Kuga,13070.206
 Fiesta,9450.949
 Fiesta,11234.354
 Fiesta,7907.053
 Fiesta,7272.277
 Kuga,17787.557
 Fiesta,6283.913
 Kuga,9749.847
 Focus,18679.175
 Fiesta,8191.558
 Fiesta,10336.819
 Focus,12353.589
 Focus,19093.867
 Fiesta,8042.013
 Focus,10814.71
 Fiesta,10827.071
 Focus,11867.395
 Fiesta,9559.268
 Focus,16346.03
 Focus,7710.46635
 Focus,17421.254
 Fiesta,8706.084
 KA,6065.282
 Fiesta,15835.394266666668
 Kuga,14699.361
 Fiesta,10454.674
 EcoSport,13192.49
 Fiesta,11144.223
 Grand C-MAX,5934.466
 Fiesta,15060.146
 Kuga,10862.961
 B-MAX,6998.728
 Mondeo,8934.397
 Edge,21485.336
 Focus,19123.065
 Focus,12577.946
 EcoSport,13866.038
 Fiesta,6146.076
 Focus,18185.669
 Mondeo,14541.275
 Fiesta,13574.263
 Fiesta,10828.354083333334
 EcoSport,10377.278
 B-MAX,5769.487
 Galaxy,16700.133
 Kuga,15615.624
 Focus,14980.907
 Kuga,20051.574
 B-MAX,9558.259
 Focus,16432.278
 EcoSport,13622.138
 Fiesta,2194.74125
 EcoSport,17444.241
 Fiesta,9733.507416666665
 Kuga,18391.131
 Edge,20783.903
 Fiesta,16097.612
 Fiesta,7326.753
 Fiesta,8175.237
 Fiesta,9390.313
 Mustang,39936.159
 Kuga,13570.315
 Fiesta,10292.14825
 Fiesta,7565.364
 Fiesta,8406.47
 Fiesta,8783.15
 Edge,17934.48
 Focus,15632.789
 Fiesta,8540.497666666666
 Mondeo,19859.915666666668
 Focus,8104.426
 Fiesta,6654.776
 B-MAX,7032.978
 Fiesta,7379.455
 Kuga,15617.719
 Fiesta,9699.798
 C-MAX,11060.883
 Focus,14207.349
 Fiesta,15316.24
 Grand C-MAX,10382.637
 C-MAX,16528.239
 Focus,11551.794
 EcoSport,10324.945
 Fiesta,5738.455
 Mondeo,17532.066666666666
 Focus,16116.82
 Focus,17678.633
 Fiesta,9186.992
 Fiesta,11266.895
 Fiesta,8102.208
 Fiesta,10228.665
 Focus,10347.454
 Fiesta,7794.184
 Fiesta,9711.348
 Kuga,11255.074
 Kuga,21914.323
 Kuga,16602.004
 B-MAX,6904.105
 Fiesta,10338.713811904765
 Kuga,10071.738
 Focus,16129.485499999999
 Focus,15879.0635
 Fiesta,9960.725
 Kuga,15070.381
 Fiesta,10906.187
 Fiesta,7965.5115
 EcoSport,14447.8
 EcoSport,13941.62
 Focus,14276.539
 Fiesta,10853.825
 Focus,10743.152
 Fiesta,10376.019
 Focus,10691.74
 Fiesta,12176.233
 Fiesta,10631.537
 Focus,14757.528
 Focus,11508.065
 Fiesta,8848.634
 S-MAX,23529.82
 Focus,18705.367
 Mondeo,8021.183
 Galaxy,26775.982
 Kuga,14355.682
 Focus,15558.346
 Kuga,17533.285
 Focus,16711.263
 Kuga,16026.148
 Puma,21323.777
 Kuga,14077.834
 Focus,13114.099
 Focus,19332.990333333335
 Focus,16315.619
 Grand C-MAX,11971.129
 Fiesta,8952.716
 Focus,8255.545
 Kuga,13456.308
 Fiesta,10303.879
 Kuga,25060.029
 Focus,11599.63
 Focus,12525.141
 KA,5560.23
 Fiesta,7302.213
 Fiesta,13196.172
 Fiesta,8341.177
 Focus,13863.993
 Fiesta,7266.712
 B-MAX,11023.093
 Focus,5223.15
 Focus,15777.84
 C-MAX,14511.034
 Fiesta,7470.989
 Fiesta,2083.9002142857144
 Fiesta,8419.404
 Fiesta,9590.81
 Fiesta,14057.837
 Kuga,16374.556
 Kuga,14294.73
 C-MAX,13362.607
 Focus,12574.98
 Fiesta,13876.592
 Fiesta,6468.788
 Kuga,15038.668
 Fiesta,10779.569
 Focus,18632.62
 S-MAX,14954.854
 Focus,13886.086
 Fiesta,8326.58
 Fusion,2579.658
 Fiesta,10007.18
 B-MAX,8346.609
 Kuga,15173.431
 Ka+,9177.813
 C-MAX,13392.772
 Fiesta,11817.117
 Grand C-MAX,8001.648
 Focus,16434.968
 Fiesta,16860.368
 Focus,17991.343
 Mondeo,10418.494
 Focus,10217.334
 Focus,18393.849
 Fiesta,9394.625
 Mondeo,12540.646
 Ka+,7129.284
 Fiesta,6571.211
 Kuga,19708.331
 EcoSport,18005.345
 Kuga,11088.111
 Focus,17282.461
 KA,6855.699
 Focus,15144.742
 Fiesta,12888.625
 Fiesta,8931.676
 Fiesta,9290.38
 Fiesta,6017.404
 Focus,17647.712
 Fiesta,18539.404
 EcoSport,10718.682
 Kuga,16074.565
 Galaxy,19473.184
 Focus,8810.587
 Kuga,16786.197
 Fiesta,9535.189
 EcoSport,16844.516
 Kuga,16800.851
 Fiesta,8456.086
 C-MAX,11438.278
 Fiesta,9404.083
 Focus,17578.772
 Ka+,9698.19
 Kuga,7431.078000000001
 Kuga,14325.405
 Kuga,16615.918
 Fiesta,12569.434
 Focus,10918.738
 Focus,14205.425
 Kuga,16000.954
 Fiesta,14107.419
 Focus,8283.691
 Fiesta,11255.712
 Fiesta,11189.908
 Focus,17620.196
 B-MAX,10204.045
 Fiesta,11197.857
 EcoSport,16288.132
 Focus,10789.54
 Focus,17246.954
 Galaxy,16606.689
 Focus,18434.769
 Kuga,16297.527
 Mondeo,19861.916666666668
 Focus,19677.008
 Fiesta,17052.471
 Focus,15947.4985
 Kuga,15569.572
 Focus,13522.284
 Fiesta,13952.193
 Focus,16151.895795238095
 Fiesta,11696.932
 Focus,13085.585
 Focus,15512.021
 Mondeo,10213.044
 Fiesta,11036.383
 Focus,13355.208
 Fiesta,13093.207
 Kuga,17940.008
 Kuga,12611.145
 Kuga,13807.094
 Fiesta,15774.606
 Ka+,7421.945
 Focus,17557.649
 Fiesta,10871.816
 Focus,17845.832
 Fiesta,7803.112
 C-MAX,10563.529
 Focus,8209.266
 Mondeo,12178.564
 Focus,13353.59
 Fiesta,8493.826
 Focus,4949.85
 Kuga,17636.84
 Fiesta,7929.707
 C-MAX,9533.5645
 Focus,17474.349
 Focus,23739.883
 Fiesta,13101.62
 Focus,17168.03
 Fiesta,16910.887
 EcoSport,9644.341
 C-MAX,13054.348
 Kuga,23768.216
 S-MAX,16311.558
 Fiesta,11535.176
 Fiesta,6522.01
 Focus,13019.486
 Focus,12063.663
 Fiesta,9685.737833333333
 Galaxy,2900.204
 Focus,12472.195
 EcoSport,17004.003
 Focus,8627.622
 Fiesta,9882.886
 S-MAX,14300.383
 Kuga,17696.538
 Fiesta,9971.316
 Focus,11288.826
 Fiesta,6275.357
 Fiesta,17122.279
 EcoSport,16630.873
 Fiesta,7075.529
 Fiesta,8920.215
 C-MAX,10284.588
 Fiesta,6801.441
 Mondeo,9109.225
 Focus,11856.871
 Fiesta,9174.623
 Fiesta,12040.59
 Focus,17114.806
 Fiesta,3931.962
 Fiesta,13409.421
 Focus,7939.771
 Focus,11740.431
 Fiesta,5131.625
 B-MAX,11723.532
 Kuga,17298.515
 Fiesta,10142.328
 C-MAX,6288.485
 Kuga,24419.977
 Fiesta,22402.368
 Mondeo,19861.916666666668
 Mustang,40183.3
 Focus,12689.778
 Fiesta,8022.956
 Kuga,24350.102
 C-MAX,8779.104
 Kuga,14410.202
 Focus,15360.914888888885
 Focus,8557.824
 Focus,17800.256
 Fiesta,15326.301
 Ka+,8318.745
 Fiesta,7629.125
 Focus,12718.53
 EcoSport,10371.796
 Grand C-MAX,12983.811
 Focus,16466.315
 Grand C-MAX,18408.308
 Kuga,16032.062
 Focus,13924.081
 Focus,13692.07
 Kuga,16473.44
 Fiesta,10758.103
 Fiesta,9863.197
 Fiesta,9625.08
 Focus,17770.767
 EcoSport,13774.414
 Focus,15339.387
 Fiesta,11671.879583333333
 Kuga,16227.059
 Focus,15504.308
 Fiesta,10374.831
 Fiesta,9651.329
 C-MAX,7679.252
 Fiesta,5740.344
 Kuga,16669.655
 Fiesta,13505.024
 Fiesta,8754.852
 C-MAX,9291.7
 Kuga,15981.245
 Focus,8634.267
 Focus,14841.875
 Fiesta,1701.796
 Fiesta,17167.529
 B-MAX,12231.168
 Grand C-MAX,9986.222
 Fiesta,10384.921
 Fiesta,12751.01
 EcoSport,10102.947
 Focus,17437.994666666666
 Ka+,7740.932
 B-MAX,6278.606
 Fiesta,10333.667
 Fiesta,7003.649
 Fiesta,10783.708666666666
 Focus,19381.83
 EcoSport,15598.285
 Kuga,9528.73
 EcoSport,13136.535
 Kuga,9980.569
 Kuga,9476.59
 Focus,8051.365
 Fiesta,8180.765
 Fiesta,9828.529
 C-MAX,11410.822
 Mondeo,17692.762
 Kuga,22016.944
 Fiesta,8301.553
 Fiesta,10373.669
 Kuga,8853.602
 Focus,7474.489
 Fiesta,15462.23
 Focus,10614.824
 Focus,10855.475
 Focus,17742.096
 Focus,15234.041
 Focus,11159.753
 Focus,9009.725
 Mondeo,17151.675
 Kuga,13810.05
 Focus,14859.002
 Focus,10281.189
 Fiesta,10649.104
 Fiesta,10257.01
 Fiesta,8364.723333333333
 Fiesta,15937.564
 Focus,12556.454
 Fiesta,8508.265
 Focus,12551.052
 Focus,17567.553
 Fiesta,10361.011
 Fiesta,6644.746
 Focus,21312.557
 Focus,16057.359333333332
 B-MAX,12300.643
 Fiesta,10251.959
 Edge,18517.44
 Fiesta,10776.876950000002
 Fiesta,2840.4975
 Kuga,22616.852
 KA,4749.96
 Fiesta,5914.884
 Mondeo,8261.927
 EcoSport,17042.176
 Focus,16954.633
 Focus,4814.956
 Fiesta,6892.753
 Fiesta,7097.446
 Fiesta,10847.533
 Fiesta,5545.758
 Fiesta,11534.938
 Fiesta,13823.587
 Puma,17616.822
 Fiesta,10570.574
 Fiesta,11395.757
 Kuga,23980.075
 Focus,16166.847
 Tourneo Connect,18822.942
 Kuga,21845.243
 Focus,9085.926
 Fiesta,10497.882
 Fiesta,9266.536
 Mondeo,8757.76
 Kuga,21795.731
 Focus,9695.032
 Edge,24590.64
 B-MAX,8757.57225
 Galaxy,15597.462
 Kuga,14594.088
 Kuga,20611.273
 Focus,11733.737
 Mondeo,14226.433
 EcoSport,14460.291
 Grand Tourneo Connect,19630.248
 Fiesta,10488.576
 Kuga,18914.204
 Fiesta,6889.115
 Fiesta,13696.634
 EcoSport,15293.293
 Fiesta,7734.154
 Kuga,16631.269
 B-MAX,10770.269
 Fiesta,10488.576
 Fiesta,6485.068
 Kuga,18709.098
 Focus,5980.808
 Focus,15514.256
 Focus,10254.848333333333
 Fiesta,16374.89
 Ka+,7825.669
 EcoSport,11356.217
 Fiesta,12425.5415
 Fiesta,16354.101
 EcoSport,14409.11
 B-MAX,5633.524
 Fiesta,13335.003
 Fiesta,18467.274
 EcoSport,14133.2766
 Fiesta,8464.319
 Kuga,16416.112
 Mustang,31826.706
 Fiesta,11026.787
 Focus,16076.542
 Fiesta,8438.383
 Focus,11294.406
 Fiesta,9896.863
 Kuga,14480.725
 Edge,22732.888
 Focus,16359.57
 Focus,12552.463
 Fiesta,9350.943
 Fiesta,3803.039
 Fiesta,18540.226
 S-MAX,17480.149
 C-MAX,10976.121666666668
 Fiesta,10947.888
 Galaxy,17546.39
 Kuga,13705.468
 S-MAX,16228.412
 Focus,12837.42
 Fiesta,12424.207
 B-MAX,12202.164
 Focus,7411.813
 Kuga,14097.3
 Fiesta,11713.447866666667
 Focus,13631.562
 Kuga,16988.439
 Fiesta,15008.834
 S-MAX,18420.405
 Focus,13269.655
 B-MAX,9709.471
 Mondeo,7867.276
 Kuga,11988.99
 Focus,12085.476
 Kuga,16649.371
 Ka+,9000.855
 B-MAX,13969.86
 Fiesta,8531.384333333333
 Mondeo,8743.97
 Focus,15656.668333333331
 Kuga,19211.658
 Fiesta,10606.670083333334
 Focus,12992.397
 EcoSport,12462.639
 Focus,16968.458
 Fiesta,10038.164
 Kuga,14026.331
 Ka+,7532.105
 Fiesta,9296.292
 Ka+,8439.103
 C-MAX,16511.798
 Mustang,22726.109
 Fiesta,12024.976
 Fiesta,9233.339
 Kuga,17455.057
 Fiesta,16516.371
 Fiesta,8672.534
 Mondeo,10484.949
 Focus,7379.938
 Kuga,17638.21
 Focus,12687.469
 EcoSport,8623.55
 Fiesta,5702.465
 Edge,17793.746
 Tourneo Connect,13474.998
 Focus,9730.029
 Focus,15428.861
 Kuga,17907.069
 Edge,24307.455
 Fiesta,10481.509
 Focus,11795.086
 Fiesta,5329.647
 Focus,8261.747
 Fiesta,7496.74
 Fiesta,10775.439
 Ka+,11068.37
 Focus,18563.413666666667
 Fiesta,10923.859016666665
 Mustang,39783.161
 Ka+,7612.61
 C-MAX,10735.377
 Fiesta,10367.1
 EcoSport,13476.185
 C-MAX,7240.525
 Fiesta,9403.619
 Kuga,14549.796
 S-MAX,17990.903
 EcoSport,10586.278
 Focus,10881.4645
 Kuga,15967.132
 Fiesta,10854.587
 Fiesta,14493.836
 Fiesta,8476.105
 Mondeo,22839.458
 Ka+,8601.17
 Mondeo,19861.916666666668
 Kuga,15766.392
 Kuga,20028.835
 Focus,18598.284
 Fiesta,11353.104
 Focus,11834.592849999999
 Fiesta,7001.207
 Focus,12040.637
 Focus,9722.775
 Fiesta,9888.756
 Focus,10100.722
 Fiesta,9382.462
 Fiesta,14925.081
 Fiesta,9942.35
 Fiesta,8408.313
 S-MAX,14320.999
 Fiesta,8835.496
 Focus,6295.499
 Fiesta,7008.953
 Kuga,22348.893
 Fiesta,13404.793
 Fiesta,10966.533
 Focus,19110.157
 EcoSport,17181.595
 Fiesta,10215.305071428573
 EcoSport,14359.17
 C-MAX,10820.7665
 Kuga,12959.603
 Mondeo,20800.483523809522
 Focus,14418.792
 Edge,16565.621
 Kuga,8834.343
 Kuga,17123.831
 Fiesta,10504.582
 Mondeo,7521.039
 Focus,10562.062
 Focus,10140.436
 Fiesta,7612.94
 Fiesta,12092.13
 Focus,27312.819
 B-MAX,9217.359
 EcoSport,14254.128
 Focus,16718.77
 Focus,19513.371
 Fiesta,9604.626
 Focus,9732.243
 Focus,10633.772
 Focus,11159.665
 Focus,16561.318
 Focus,16503.232
 Kuga,14689.726
 Focus,20861.965
 EcoSport,14486.002
 Fiesta,9246.339
 Focus,3239.821
 Kuga,16123.772
 KA,5179.483
 Fiesta,8706.191
 Focus,21333.402
 Ka+,10798.169
 Fiesta,11821.025
 Focus,10754.11475
 EcoSport,17110.383
 Focus,14797.22
 Fiesta,9886.409
 Focus,7687.348
 Fiesta,16020.837
 Kuga,17011.424
 Focus,10100.646
 Focus,21733.191
 Fiesta,7442.556
 Kuga,8899.747
 Fiesta,10352.715
 Fiesta,11074.192
 Focus,11307.299
 Fiesta,11065.676
 Focus,10847.409
 S-MAX,18182.335
 Focus,7687.348
 Focus,15997.736
 Focus,18589.985
 Focus,2958.43
 Kuga,21546.905
 Kuga,14231.927
 Focus,12444.473
 Fiesta,9156.314
 Fiesta,17677.759
 Mondeo,11531.996
 Fiesta,6965.226
 Fiesta,6346.477
 Focus,18856.03
 Focus,1637.331
 Focus,12091.403
 Kuga,13718.81
 Fiesta,7912.3905
 C-MAX,12066.026
 B-MAX,10649.068
 Fiesta,9325.966
 S-MAX,13816.086
 Fiesta,9057.838
 Mondeo,14812.565
 Edge,19061.644
 Kuga,20015.185
 B-MAX,10055.849
 Ka+,7543.203
 EcoSport,14760.754
 Mondeo,6782.511
 Fiesta,7801.596
 Focus,15661.711
 Focus,16155.078
 Fiesta,4934.462
 Focus,15659.882333333331
 Fiesta,10274.017
 B-MAX,5687.199
 Focus,16832.652
 Mondeo,8631.249
 Mondeo,17302.442
 Focus,16057.359333333332
 Focus,17678.94
 Ka+,9381.966
 Focus,7998.538
 C-MAX,10731.059
 Focus,16249.629
 Fiesta,11656.056
 Fiesta,9896.494
 Ka+,7182.459
 Mondeo,11480.399
 Fiesta,8635.678
 Fiesta,9214.384
 Tourneo Custom,15974.506
 Galaxy,17213.465
 Fiesta,10832.383
 Kuga,19131.393
 Kuga,17893.893
 Fiesta,13971.59
 Fiesta,8788.722
 Kuga,16340.406333333332
 EcoSport,10215.157
 Fiesta,7429.557450000001
 Fiesta,7387.578
 Fiesta,6842.249
 Fiesta,10036.507
 C-MAX,11007.069
 Focus,10782.456
 Fiesta,11916.627
 Fiesta,10879.096
 Focus,13968.537
 Fiesta,13301.206666666667
 Fiesta,13622.882
 Fiesta,10031.949
 Focus,30730.743
 Fiesta,14491.445
 Fiesta,9674.434
 Fiesta,8378.634
 Mondeo,9828.825
 Fiesta,12767.657
 Focus,9518.538
 Fiesta,17121.782
 Fiesta,9481.965
 EcoSport,14336.509
 Fiesta,11688.897
 Kuga,14064.013
 Fiesta,13909.583
 Fiesta,10410.01
 Focus,10908.263
 Fiesta,10574.417
 Focus,18624.961
 Kuga,12683.27
 Fiesta,7261.976
 EcoSport,11348.696
 Fiesta,11957.702
 Kuga,10304.463333333333
 C-MAX,8826.107
 Fiesta,14891.279
 Focus,10774.707
 Kuga,18438.431
 Kuga,21374.096
 Fiesta,11038.317
 Focus,4835.569
 Focus,10413.669
 Focus,9420.766
 Focus,15022.832
 KA,5022.059
 Galaxy,16078.659
 Focus,15645.267
 Focus,10750.631
 Focus,13920.051
 Focus,9041.439
 Mondeo,19861.916666666668
 Fiesta,10694.174
 KA,9805.798
 Kuga,19822.823
 Focus,14089.948
 Fiesta,13095.741
 Mondeo,19785.676
 Fiesta,13215.04
 Focus,9410.656
 Fiesta,16417.12
 Focus,9487.547
 Fiesta,10660.552
 C-MAX,16809.746
 Focus,11548.356
 Kuga,22111.38
 Focus,16298.982
 Fiesta,9019.481
 EcoSport,13870.606
 Fiesta,10259.407
 Ka+,7669.581
 Kuga,10649.16
 Focus,13881.443
 Fiesta,8638.018
 Fiesta,10114.434
 Focus,10465.102
 Fiesta,12613.577
 Kuga,16721.269
 Focus,16039.524
 Focus,7825.44
 Fiesta,6514.047
 Fiesta,7276.321
 Fiesta,13633.499
 Kuga,10334.221333333335
 Galaxy,18316.216
 Focus,17578.772
 Fiesta,11757.851
 Fiesta,12171.941
 Focus,12410.506
 S-MAX,17291.276
 Kuga,13162.859
 Focus,16936.724
 Kuga,16500.035
 Focus,10490.171
 Focus,18149.274
 B-MAX,6178.204
 Mondeo,16496.855
 Kuga,17957.457
 Focus,15013.383
 Fiesta,8865.793
 EcoSport,10767.45
 EcoSport,14923.9256
 Fiesta,9658.757
 S-MAX,22460.263
 Kuga,16095.182
 EcoSport,13604.559
 Fiesta,9405.436
 Focus,7941.962
 Kuga,14458.367
 Tourneo Custom,16369.086
 Fiesta,9605.234
 Puma,22057.284
 Focus,9402.503
 Fiesta,10703.974
 Edge,19375.924
 Kuga,24317.652
 Kuga,17559.075
 Fiesta,8198.889
 Fiesta,9174.465
 Kuga,10143.853
 Fiesta,11210.797
 Fiesta,10059.232
 Focus,10325.804
 Focus,11698.398
 Fiesta,8767.154
 Fiesta,16591.612
 Fiesta,8628.481
 Fiesta,10620.72
 Focus,7548.222
 Focus,17199.29
 Fiesta,18638.114
 Fiesta,12858.77
 Fiesta,8040.984
 EcoSport,15058.345
 Focus,3432.895
 Fiesta,3548.299
 Fiesta,10632.936
 Fiesta,5142.44
 Focus,10821.05
 Fiesta,10197.357
 Fiesta,11026.522
 Focus,7305.522
 Focus,3234.059
 Focus,10827.551
 EcoSport,12680.134
 Focus,12042.037666666667
 Kuga,20139.274
 Kuga,15707.237
 Focus,18604.612
 Fiesta,7536.181
 Mondeo,3230.561
 Ka+,10285.562
 Fiesta,4663.041
 Kuga,19713.545
 C-MAX,7464.876
 Fiesta,8334.87
 B-MAX,10482.104
 EcoSport,13353.047
 Focus,11203.872
 Focus,19721.536
 Focus,17266.317
 B-MAX,13123.327
 Fiesta,9553.16
 Focus,17829.539
 EcoSport,10402.94
 C-MAX,14369.166
 Fiesta,7918.264
 Focus,17807.867
 S-MAX,8936.642
 Kuga,24371.426
 Focus,8003.682
 Focus,6101.582
 Fiesta,14528.137
 Fiesta,10462.927
 Fiesta,10330.235
 Focus,13049.587
 Kuga,16362.633
 Kuga,14283.111
 Kuga,15966.611
 Fiesta,11877.564
 Fiesta,9048.3755
 Fiesta,9130.115
 Fiesta,15426.25
 Focus,12648.405
 Grand C-MAX,12608.423
 KA,4999.559
 Fiesta,6236.846
 Fiesta,11757.851
 Focus,15111.626
 Focus,10829.448
 Fiesta,11748.396
 Fiesta,13765.109
 Focus,19597.585
 Fiesta,12920.182
 Fiesta,9204.989
 Focus,10546.448
 Fiesta,10107.638
 Fiesta,8501.367
 Fiesta,6120.379
 EcoSport,14287.215
 Focus,19759.117
 Kuga,15700.413
 Kuga,20826.178
 KA,3747.223
 Fiesta,10114.137
 Focus,18096.879
 C-MAX,10544.908
 Fiesta,8647.217
 B-MAX,7323.046
 Focus,16638.415
 Fiesta,6328.913
 C-MAX,10708.891
 Kuga,13754.843
 Focus,10902.813
 Fiesta,7681.683799999999
 C-MAX,12045.886
 Fiesta,6786.282
 Fiesta,8069.97
 EcoSport,17680.075
 EcoSport,7161.567
 Mustang,39434.345
 Fiesta,13456.827
 B-MAX,8081.283
 EcoSport,13853.568
 Fiesta,17412.504
 Grand C-MAX,11529.731
 Fiesta,3754.868
 Kuga,16848.574
 Fiesta,12958.45
 Fiesta,10821.140833333333
 Focus,12182.815
 Fiesta,10938.769
 Focus,11534.707
 Focus,16354.459
 C-MAX,9241.598
 Mondeo,10464.806
 Focus,8127.056
 Focus,13276.74
 Focus,13051.234
 Galaxy,2714.389
 Kuga,11898.154
 Fiesta,8707.5165
 Galaxy,27050.153952380944
 Fiesta,9915.495
 Fiesta,9077.357
 Fiesta,12682.2425
 Focus,8852.594
 Fiesta,11513.774
 Focus,18395.492
 Focus,17484.355
 EcoSport,9583.418
 Focus,13659.794
 Focus,10830.851
 Kuga,13219.438
 Fiesta,8489.881
 EcoSport,11050.923
 S-MAX,16319.439
 Fiesta,8451.308
 Focus,4444.19
 Ka+,7184.476
 Kuga,9885.623
 Focus,16247.02
 Fiesta,11956.48
 C-MAX,6051.433666666666
 Kuga,16061.820333333331
 Focus,11333.496
 EcoSport,13493.333
 EcoSport,14945.849
 Focus,18465.266
 B-MAX,5799.068
 Fiesta,8600.06022619048
 B-MAX,10352.542333333333
 Fiesta,3874.735
 Focus,14001.665
 Fiesta,16101.885
 Ka+,8128.395
 Fiesta,10117.859
 Ka+,8534.021
 Fiesta,6112.118
 Kuga,26279.675
 Ka+,8426.255
 EcoSport,14217.61
 Fiesta,6786.322
 Focus,8712.48
 Fiesta,7101.464
 Fiesta,11570.434
 EcoSport,14175.868
 Fiesta,8179.191
 Focus,14164.636
 Fiesta,8217.139
 Fiesta,11213.578
 Fiesta,11256.064
 Fiesta,15280.719
 Fiesta,11221.907
 Focus,15879.0635
 Grand C-MAX,8848.854
 Kuga,16536.265333333333
 Fiesta,7176.036
 Mondeo,10874.347
 Fiesta,10070.985
 Focus,9612.245
 Kuga,13790.801
 Focus,16820.856
 Fiesta,3296.852
 Fiesta,9570.393
 Galaxy,20012.224
 Ka+,7668.972
 Ka+,10803.007
 Kuga,11034.528
 Focus,7242.405
 Focus,7848.101
 Focus,9323.395
 Focus,10063.233
 Fiesta,11400.019
 Focus,6857.731
 Fiesta,6896.944
 Fiesta,5642.444
 Fiesta,11825.1705
 Ka+,11159.083
 Fiesta,12316.211
 Galaxy,18477.765
 Fiesta,16696.297
 Ka+,7562.734
 Ka+,8143.732
 C-MAX,11293.304666666665
 EcoSport,9421.327
 Galaxy,18168.484
 Focus,18720.65
 Fiesta,6227.887
 Fiesta,12612.289
 Focus,12823.964
 Focus,18575.025
 Fiesta,13993.673
 Ka+,7625.394
 Kuga,14845.583
 Fiesta,7896.593
 Focus,8594.7945
 Fiesta,12091.186
 Ka+,11675.457000000002
 Fiesta,8527.646333333334
 Fiesta,12767.842
 Fiesta,18792.585
 Fiesta,5089.713
 Grand C-MAX,10662.339
 Fiesta,7831.511
 Focus,9690.577
 Focus,16820.803
 EcoSport,11197.156
 Fiesta,10230.165
 Fiesta,13893.844
 Focus,18163.953
 Fiesta,10467.919
 Mustang,40183.3
 B-MAX,10335.171
 Fiesta,10360.006978571428
 Fiesta,9146.972
 Focus,15300.875
 Fiesta,13142.885
 Fiesta,9056.037733333334
 Kuga,15527.123333333333
 Fiesta,8623.9619
 Focus,15595.067
 Fiesta,13626.56875
 Fiesta,11187.918
 Kuga,7681.022
 Fiesta,10806.806
 Fiesta,7101.156
 Focus,11338.576
 Focus,18196.034
 Focus,8134.79
 C-MAX,11329.195
 Fiesta,5215.58
 Grand C-MAX,11541.163
 Kuga,23926.315
 C-MAX,9846.8
 Mondeo,6708.554
 Fiesta,11384.121
 Kuga,9237.376
 Mondeo,10804.1
 Fiesta,8120.856
 Fiesta,9016.058
 Focus,7273.227
 Fiesta,10889.822
 Fiesta,2118.847875
 EcoSport,9462.46
 Fiesta,8429.12
 Focus,18455.55
 Focus,6884.536
 Focus,11085.702
 Fiesta,8162.750666666668
 Focus,5773.903
 Fiesta,11530.047
 Fiesta,10025.355
 Focus,13273.53
 Fiesta,10817.964
 Focus,14980.907
 Mondeo,17018.672
 Fiesta,10370.229
 Kuga,19452.068
 Focus,9775.44
 Fiesta,11856.509
 S-MAX,25282.50738095238
 Focus,15634.694
 Focus,11515.687
 Fiesta,9557.807
 Focus,13804.508
 Focus,8753.758
 Fiesta,11330.098
 Focus,9636.286
 Fiesta,9574.072
 KA,5321.707
 Focus,19382.014333333336
 Focus,16715.08
 Focus,18647.271
 Fiesta,6737.817
 Fiesta,7559.171
 Kuga,18025.185
 Fiesta,14608.433
 EcoSport,14197.968
 Fiesta,14790.622
 Focus,11662.821
 Fiesta,10350.904
 Fiesta,10055.067
 Kuga,19544.282
 Focus,10692.991
 EcoSport,13317.627
 Focus,8088.935
 Kuga,13627.432
 Fiesta,9329.485
 Fiesta,5049.03
 Kuga,9285.399
 Focus,7998.343
 Fiesta,10031.949
 Ka+,7673.13
 Grand C-MAX,8339.65
 Focus,11187.117
 Fiesta,12835.591
 Kuga,13823.836
 Focus,13125.58
 Galaxy,17124.391
 Fiesta,16514.095
 Fiesta,8454.401
 Kuga,17563.998
 Focus,26897.487166666666
 Focus,17031.595
 C-MAX,8519.243
 Focus,10249.411
 Focus,8520.101
 Fiesta,8920.215
 Mondeo,6828.528
 Kuga,15030.27
 Fiesta,9614.587
 EcoSport,16158.066
 Kuga,11426.368
 Fiesta,11636.137
 Fiesta,11893.254
 S-MAX,19966.306
 Kuga,18378.876
 Fiesta,6259.804
 Fiesta,6711.268
 Fiesta,12316.212
 Kuga,21994.321
 Fiesta,10872.853
 Mondeo,7277.243666666667
 Fiesta,7031.386
 Focus,12800.432
 Galaxy,17644.561
 Fiesta,17014.4
 Edge,20471.956
 Focus,11747.814
 Fiesta,9697.54084166667
 Kuga,14068.673
 Kuga,13683.384
 Focus,17789.002
 Fiesta,7244.057
 C-MAX,11214.936
 EcoSport,10612.015
 EcoSport,14564.511
 Ka+,6750.866
 Focus,15907.513
 Fiesta,10714.029
 Focus,17505.881
 Focus,16473.813
 Fiesta,9489.172
 Fiesta,10182.825
 Kuga,16396.019
 S-MAX,22159.153
 Focus,17936.069
 Kuga,10895.879
 C-MAX,9510.9045
 Fiesta,16515.119
 Fiesta,9793.391
 Focus,13936.446
 Fiesta,6241.928
 Focus,16210.7305
 C-MAX,10013.331
 Fiesta,10350.044333333331
 Fiesta,10482.752
 Edge,19098.404
 Kuga,9486.894
 C-MAX,10102.583
 Fiesta,7098.269
 Focus,18681.661
 Fiesta,7553.977
 Focus,12626.721
 Fiesta,8383.327
 Edge,22319.719
 Fiesta,7136.733
 Mondeo,13701.983
 Fiesta,12199.125
 Fiesta,10978.631
 Ka+,10575.226
 Focus,10809.172
 Fiesta,13970.254
 Fiesta,7765.64
 Focus,10414.348
 Focus,11102.449
 Fiesta,10847.691
 C-MAX,9496.718
 Ka+,8063.03
 C-MAX,11228.724
 Focus,14089.948
 EcoSport,14995.855
 Focus,14782.476095238091
 Fiesta,8172.892
 B-MAX,9876.563
 Fiesta,5655.261
 Fiesta,7013.874
 Fiesta,8129.124
 EcoSport,13505.451
 Fiesta,8792.081
 Fiesta,11335.784583333334
 Focus,13418.797
 Kuga,18817.865
 Focus,17333.624
 Focus,15730.27
 Fiesta,12543.124
 Fiesta,6096.506
 Mondeo,19861.916666666668
 Kuga,17484.615
 B-MAX,10367.774
 B-MAX,10726.249
 C-MAX,7974.533
 Fiesta,9412.568
 Focus,16046.047
 Focus,13544.806
 Mondeo,6750.979666666667
 Fiesta,11634.642
 Mondeo,12646.954
 Edge,25188.287
 Focus,13136.265
 C-MAX,10180.294
 Focus,19113.426
 Fiesta,1639.099
 Focus,8220.59
 Fiesta,12408.597
 Focus,13569.732
 EcoSport,14492.351
 Focus,17073.227
 Kuga,19713.16
 Kuga,13674.848
 Kuga,10551.892
 Kuga,15615.871
 Focus,7590.92
 Focus,13296.405
 Kuga,17617.605
 EcoSport,10447.507
 Fiesta,14572.714
 Fiesta,11915.358
 Kuga,11673.638
 Focus,7823.092
 Fiesta,14638.89
 Focus,25781.407
 Edge,19468.424
 Focus,9295.02
 Focus,12233.401
 Fiesta,10387.563
 Focus,19242.7
 Fiesta,10245.209
 Fiesta,11865.95518095238
 Focus,7467.574
 Fiesta,7306.108
 EcoSport,16801.064
 Fiesta,9535.689
 Focus,13851.895
 Kuga,20290.775
 Fiesta,7095.643
 Focus,10589.142
 Fiesta,9182.414
 Focus,13077.272
 Fiesta,10327.759
 Mondeo,16944.319
 EcoSport,10339.479
 Fiesta,10231.338
 Kuga,17662.225
 Fiesta,15597.567
 Fiesta,10714.008
 Fiesta,15280.719
 Fiesta,9617.65
 Galaxy,18148.314
 C-MAX,11454.161
 Fiesta,11422.699
 Focus,19177.084
 Focus,16329.275
 Fiesta,16373.034
 Kuga,18022.785
 S-MAX,20389.336
 Kuga,16541.232
 Fiesta,10904.254
 Mondeo,17277.16
 Focus,12810.154
 Focus,2649.008
 Mondeo,18046.307
 Ka+,8106.427
 Ka+,9846.787
 Fiesta,7571.433
 Focus,15017.293
 Kuga,24478.049
 Mondeo,14711.535
 Fiesta,13113.635
 Focus,7476.993
 Fiesta,6710.549
 Focus,11183.406
 Kuga,20031.357
 Focus,12040.584666666668
 Fiesta,7243.355
 Focus,13945.035
 Mondeo,8892.008
 Fiesta,9825.839
 Galaxy,9435.282
 Fiesta,12099.879583333333
 Focus,7806.736
 C-MAX,7617.468
 Fiesta,3444.901
 EcoSport,9020.711
 EcoSport,17696.215
 Fiesta,7716.3776
 Fiesta,13113.635
 Fiesta,12241.067
 Ka+,7707.103
 Focus,7669.923
 Focus,19408.898
 B-MAX,6626.983
 EcoSport,17179.753
 Kuga,18330.264
 Fiesta,13127.98
 Fiesta,11596.64
 Grand Tourneo Connect,12756.98
 Kuga,11500.75
 EcoSport,9559.9
 Fiesta,13027.589
 Kuga,15964.905
 Focus,15812.084833333334
 EcoSport,16431.503
 Kuga,18418.425
 Fiesta,10560.643
 Galaxy,9405.701
 Fiesta,6394.565
 Fiesta,10463.823
 Focus,7702.126
 Focus,13201.379
 Focus,8494.934
 Focus,12106.091
 Kuga,13363.781
 Kuga,15712.493
 Kuga,16350.747
 Kuga,15462.179
 S-MAX,18693.414
 Fiesta,8284.458
 Focus,15653.514499999992
 Edge,18268.758
 Fiesta,8161.445666666668
 S-MAX,18865.021
 EcoSport,10378.167
 Focus,14489.427
 Focus,9763.609
 Ka+,7838.324
 Focus,19152.458
 Fiesta,12395.788
 Kuga,17674.748
 Fiesta,7559.309
 Fiesta,8361.41
 Grand C-MAX,9927.629
 Focus,12531.592
 EcoSport,10279.223
 Galaxy,16507.551
 KA,4618.831
 Tourneo Custom,28173.512
 Focus,12225.499
 Kuga,18475.67
 Edge,21299.033
 Fiesta,8208.9173
 Fiesta,12101.911
 Kuga,19799.426
 B-MAX,11850.657
 Fiesta,13376.237
 Kuga,17826.713
 Fiesta,9269.307
 Fiesta,5938.353
 Focus,12941.7
 Fiesta,10408.618
 Fiesta,8749.698
 Focus,16806.952
 Fiesta,12585.71
 Fiesta,8624.902900000001
 EcoSport,15605.265
 Fiesta,8915.392
 Focus,2842.157
 Kuga,16506.925
 Focus,16218.51
 Fiesta,9074.568
 Fiesta,12927.314
 Kuga,8892.477
 Fiesta,9442.998
 Galaxy,15455.23
 Fiesta,10738.218
 Fiesta,13158.208
 EcoSport,14173.509
 Kuga,19234.483
 Puma,2162.811
 Grand Tourneo Connect,9684.799
 Focus,12527.271
 Focus,20463.164
 Focus,5865.414
 Kuga,12319.417
 Fiesta,5362.542
 Focus,13043.025
 Kuga,16814.394
 EcoSport,15945.276
 Fiesta,8778.375
 Ka+,18339.627
 Focus,16230.114
 Fiesta,7018.023
 Focus,2155.2775
 Mondeo,9993.19790476191
 Kuga,14752.181333333334
 EcoSport,8304.03
 Focus,10465.229
 Mondeo,13467.346
 Focus,3664.934
 Fiesta,7500.515899999999
 Fiesta,6030.554
 Fiesta,10633.135
 Fiesta,12242.671
 Fiesta,7207.325
 Fiesta,10458.180333333334
 Fiesta,10625.175
 S-MAX,18597.653
 Focus,16237.707
 EcoSport,13490.822
 Kuga,14944.765
 Focus,9942.398
 Fiesta,12834.214
 Fiesta,11946.412
 Focus,17803.089
 EcoSport,9453.733
 Focus,10562.585
 Fiesta,12020.962
 Fiesta,11914.476
 Fiesta,11037.791
 Focus,8719.53
 EcoSport,13709.953
 Focus,13127.068
 Fiesta,10365.119
 Fiesta,10133.584
 Fiesta,8493.774
 Fiesta,17712.034
 Fiesta,15041.915
 Fiesta,9893.619
 Fiesta,7358.429
 Galaxy,17191.29
 Fiesta,8361.326
 Focus,11866.478666666664
 Fiesta,7845.53
 Fiesta,9641.984
 EcoSport,15631.382
 Fiesta,10598.278
 Grand C-MAX,11449.696
 EcoSport,13572.654
 Focus,16986.64
 Focus,9990.679
 Kuga,16925.627
 Focus,10182.099033333336
 Fiesta,6329.023
 EcoSport,6199.615
 Fiesta,5681.761
 EcoSport,13544.328
 Mondeo,8490.328
 Fiesta,8384.599
 Fiesta,9987.459
 B-MAX,5804.411
 Focus,18891.04
 Focus,9660.28
 Fiesta,9090.189
 Fiesta,7844.66
 Ka+,7081.743
 C-MAX,10943.13
 Kuga,13821.655
 C-MAX,9181.261
 Fiesta,9988.848
 Fiesta,10636.477
 Fiesta,7775.658
 Grand Tourneo Connect,10098.294
 Fiesta,5393.561
 Focus,2732.663
 Focus,5530.845
 Kuga,19062.182
 Focus,7003.474
 KA,5088.703
 Focus,18432.777
 Fiesta,13490.248
 Fiesta,6461.942
 Kuga,11433.423
 B-MAX,10523.883
 Fiesta,16424.457
 Fiesta,10758.103
 Fiesta,7226.446
 Focus,12531.441
 Fiesta,9045.249
 Focus,10832.357
 Edge,19315.777
 Focus,13177.541
 Fiesta,7227.084
 Focus,15194.852
 Kuga,10009.578
 Fiesta,10307.43
 Kuga,16269.637
 EcoSport,15383.385
 Fiesta,10351.501
 Focus,8692.43
 Fiesta,16222.003
 Focus,13342.416
 Focus,4734.635
 Focus,17379.774
 Fiesta,6487.601
 Focus,18750.516
 Fiesta,9250.999
 Focus,10550.289
 B-MAX,5545.779
 Grand Tourneo Connect,10817.085
 Fiesta,4986.53
 Kuga,15566.779
 Focus,9977.71
 Fiesta,17356.975
 Kuga,16070.051
 Fiesta,9915.471
 Focus,13515.6
 Focus,11307.09
 Tourneo Connect,11022.327
 Galaxy,7762.407
 Fiesta,7188.729
 EcoSport,13966.042
 Focus,16970.524
 Focus,13089.755
 KA,4752.308
 Fiesta,12172.565
 Fiesta,15110.357
 Focus,16511.359
 Mondeo,8899.547
 Fiesta,10530.679
 Focus,13818.415
 Kuga,18744.378
 Fiesta,14949.573
 Fiesta,12969.175
 Fiesta,9321.2
 Puma,22482.655
 Focus,6507.912
 Focus,18100.015
 Mondeo,3533.189
 Focus,19432.904
 S-MAX,16752.069
 Fiesta,12252.213
 Kuga,15688.357
 Kuga,15553.474
 Focus,11097.812
 Fiesta,10050.64875
 Fiesta,9015.962
 Fiesta,13831.619
 Puma,20922.584
 Focus,10872.087
 EcoSport,15018.449
 Grand Tourneo Connect,16386.913
 Ka+,12841.844
 KA,5279.408
 Fiesta,7228.513
 Focus,10177.728
 Fiesta,11071.919
 Fiesta,12967.201
 Focus,15736.427476190476
 Kuga,13247.478
 Focus,18044.383
 Mondeo,26401.869
 Focus,5234.43
 Focus,19153.330333333335
 Fiesta,15510.893
 Fiesta,14120.802
 Focus,7137.898
 EcoSport,10067.002
 Grand C-MAX,13767.978666666666
 Focus,6853.79
 Focus,18800.956
 EcoSport,10160.025
 Fiesta,16953.41
 Fiesta,7859.761
 Kuga,16698.001
 Focus,6684.057
 EcoSport,17779.275
 Kuga,15414.285
 Fiesta,11012.549
 Fiesta,8005.507
 Kuga,18698.485
 C-MAX,10772.774
 Kuga,14081.574
 EcoSport,15880.348
 Focus,15069.291
 Focus,19900.9695
 KA,6643.488
 C-MAX,13241.765
 Fiesta,13623.748
 Tourneo Custom,17754.645
 Focus,8072.428
 Fiesta,11789.801
 Tourneo Custom,25222.749
 Kuga,15856.781
 Ka+,8869.244
 Focus,17853.702
 Fiesta,6206.043
 Fiesta,9962.746
 Fiesta,9211.882
 EcoSport,14538.249
 C-MAX,9925.758
 EcoSport,15686.117
 B-MAX,9392.497
 Fiesta,10660.285
 Kuga,19414.299
 Focus,13853.604
 Kuga,22014.101
 EcoSport,10215.57
 Focus,8888.635
 EcoSport,7553.286
 C-MAX,13985.351
 KA,2850.934
 Fiesta,10586.787
 Fiesta,9305.167
 Focus,11620.417
 Fiesta,8517.385
 Ka+,9698.59
 EcoSport,16240.854
 Kuga,12176.229
 Focus,13960.289
 Fiesta,8751.93275
 Fiesta,5152.296
 Kuga,16949.041
 B-MAX,11008.162
 Focus,19153.243
 Focus,16710.188
 Focus,8147.584
 Fiesta,8261.775596428572
 Ka+,9099.528
 EcoSport,17320.562
 Kuga,15359.582
 Kuga,15774.343
 Grand C-MAX,8908.374
 S-MAX,27776.005654761906
 Focus,17297.519
 Fiesta,15949.903
 Focus,9424.666
 Fiesta,7895.052
 Fiesta,8510.391
 Fiesta,7999.491
 Fiesta,11336.805
 Grand C-MAX,12127.406
 Fiesta,11244.603
 Fiesta,16826.503511904764
 Fiesta,9845.927
 B-MAX,11120.538
 Fiesta,11421.739
 Fiesta,7976.397
 Fiesta,9692.064
 Focus,19728.58
 Focus,17037.175
 Kuga,10465.256
 Focus,13778.816
 Fiesta,8644.001
 Kuga,13528.03
 Edge,25374.373
 Fiesta,10887.856
 Fiesta,1959.0549285714287
 Fiesta,7758.139
 Edge,17199.358
 Focus,9616.75
 Fiesta,17152.756
 Galaxy,15356.302
 Focus,11239.187
 Kuga,16731.311
 EcoSport,10636.888
 Kuga,16812.422
 Focus,4497.508
 Galaxy,22458.691892857136
 Focus,19121.230666666666
 Fiesta,5759.556
 Focus,18438.793
 Fiesta,10330.375
 Kuga,10596.658
 Focus,18737.415
 Focus,15611.492
 KA,5262.58
 Focus,11887.442
 Kuga,17308.195
 Kuga,16654.367
 EcoSport,17005.45
 Fiesta,15222.455
 Focus,18952.366
 Fiesta,5600.794
 Fiesta,3192.161
 EcoSport,10148.478
 Kuga,18505.261
 Focus,15459.786999999998
 Fiesta,10684.966
 Fiesta,8087.233
 EcoSport,12523.94
 EcoSport,14484.026
 Fiesta,8088.553
 C-MAX,10835.282
 Fiesta,10250.404
 Grand C-MAX,9078.702666666668
 EcoSport,18044.874
 Fiesta,10453.36
 Fiesta,7901.367
 Focus,16539.475
 Fiesta,14829.416533333331
 Focus,2388.277
 Tourneo Custom,18990.689
 Fiesta,9915.204
 B-MAX,9628.006
 B-MAX,8446.672
 Mondeo,8594.756
 Fiesta,8115.781
 B-MAX,10749.95
 Focus,9836.571
 Focus,19695.829
 Focus,8914.486
 Focus,2803.227
 EcoSport,7629.311
 Fiesta,10179.172
 Focus,10922.026
 Mustang,29993.808
 Focus,19322.244
 Galaxy,15977.965
 Fiesta,8481.277
 Kuga,16396.019
 Ka+,7405.845
 Kuga,10434.338
 Grand C-MAX,8015.818
 Fiesta,10676.622
 B-MAX,9103.111
 Focus,13917.943
 Fiesta,8634.411
 B-MAX,8921.501
 Fiesta,9576.588
 Mondeo,6682.959
 Fiesta,7655.672
 Focus,11236.478
 Kuga,18973.058
 Fiesta,9980.39
 Kuga,9382.258
 Fiesta,15027.339
 Fiesta,8593.321
 Kuga,10340.771
 Fiesta,10302.236
 Kuga,22036.751
 EcoSport,14749.807
 Focus,14127.307
 Kuga,19233.551
 Fiesta,14418.982
 Fiesta,9873.801
 Kuga,10898.756
 Fiesta,10993.639
 Focus,15746.994
 Fiesta,12514.084
 B-MAX,13101.152
 Fiesta,5803.618
 Focus,8889.822
 Tourneo Custom,26286.512
 Mondeo,12183.111
 Fiesta,6168.226
 Focus,13460.36
 Kuga,16032.997
 Fiesta,9088.186
 Fiesta,10391.009
 Ka+,9488.932
 Fiesta,6723.915
 S-MAX,23038.918
 Fiesta,10208.434
 Kuga,10814.145
 Focus,16962.947
 Fiesta,11781.54
 Focus,11005.397
 Kuga,16186.725
 Focus,26522.0435
 Fiesta,10690.931
 Focus,10295.459
 B-MAX,9730.699
 Fiesta,8325.454
 Fiesta,9745.594
 C-MAX,8899.666
 Focus,7129.761
 Fiesta,11285.47
 Fiesta,14533.142
 Fiesta,7565.919
 EcoSport,12529.764
 Focus,17388.599
 Kuga,19241.903
 EcoSport,10061.165
 Fiesta,10034.172
 Kuga,14595.966
 Grand Tourneo Connect,11356.217
 Grand C-MAX,13168.116
 Focus,8934.469
 Focus,17948.222
 Fiesta,8587.110266666668
 Mondeo,7041.874
 Kuga,14822.503
 Focus,15927.302
 Ka+,7289.008
 S-MAX,18679.77
 Fiesta,16881.377
 Fiesta,11997.844
 Edge,19300.604
 Fiesta,10688.722
 Fiesta,8467.031
 Focus,10352.755
 Focus,7225.517
 Galaxy,27831.056
 B-MAX,8211.995
 EcoSport,9848.81
 Focus,6000.289
 EcoSport,16443.159
 Fiesta,9607.13
 Fiesta,13767.968
 Grand Tourneo Connect,10225.505
 Kuga,18476.88
 Fiesta,2220.6265357142856
 Kuga,16975.012
 Focus,12394.487
 Ka+,12625.491
 Galaxy,18883.212
 Focus,17808.855
 Kuga,19858.14
 Focus,13148.88
 EcoSport,14968.895
 Focus,10038.168
 Fiesta,10584.272
 Focus,8480.345
 Fiesta,7606.449
 Fiesta,10350.203
 Fiesta,10094.308
 EcoSport,12227.852
 Fiesta,10412.025833333333
 Fiesta,9105.723
 Fiesta,9042.479
 Focus,10996.716
 Focus,14526.37
 Fiesta,8640.457
 Fiesta,10614.141
 Focus,9802.496
 S-MAX,16239.33
 Focus,14451.233
 Fiesta,13170.65
 Kuga,15218.92
 Fiesta,7539.457
 Grand Tourneo Connect,12888.08
 Ka+,10858.233
 Fiesta,10586.301
 Fiesta,7293.532
 Fiesta,6952.648
 Focus,16528.452
 Mustang,40104.426
 Fiesta,8310.663
 Fiesta,13894.573
 EcoSport,9434.67
 Kuga,16536.778
 Fiesta,17764.189
 Focus,12593.269
 Mondeo,19861.916666666668
 Focus,11333.684
 Fiesta,9215.043
 Focus,15894.648
 Fiesta,10318.019
 EcoSport,13301.961
 Fiesta,16171.155
 Kuga,15456.773
 EcoSport,13569.172
 Mondeo,9236.288
 Focus,15416.021
 Mondeo,5714.9
 B-MAX,10063.862
 S-MAX,24807.997928571425
 Fiesta,11438.081
 Focus,7112.247
 Fiesta,7693.837
 Focus,5823.941
 Focus,5283.142
 Fiesta,8568.886
 Fiesta,13953.109
 Focus,16734.066
 EcoSport,11086.573
 Fiesta,5682.265
 Fiesta,13132.7263
 Fiesta,14105.892
 B-MAX,10484.105428571429
 Fiesta,8467.973
 Fiesta,8306.977333333332
 Fiesta,11697.143
 Focus,7333.955
 Kuga,13251.612
 Focus,14507.904
 Kuga,9770.428666666669
 Ka+,8872.574
 Fiesta,11123.711
 B-MAX,10422.208
 C-MAX,11274.912
 Kuga,16245.579
 Kuga,14707.865
 EcoSport,14652.744
 Grand C-MAX,10238.999
 KA,4954.359
 Focus,38142.127
 Kuga,17865.867
 Fiesta,10106.295
 Kuga,21956.717
 C-MAX,9719.679
 Focus,11660.993
 Focus,16065.395
 Focus,4451.908
 EcoSport,13080.784
 Fiesta,8628.81
 C-MAX,9419.121
 Fiesta,8301.887
 Fiesta,11337.003
 C-MAX,10124.176
 Fiesta,6894.86
 Fiesta,9146.581
 Focus,13259.789
 Focus,7294.314
 Kuga,13289.966
 Focus,9473.077
 Fiesta,16122.468
 Focus,13718.913
 B-MAX,11597.201
 Kuga,9282.449
 Fiesta,6081.294
 Fiesta,7088.957
 Fiesta,15555.871
 Fiesta,13821.619
 Fiesta,10283.475
 Fiesta,15168.547
 Fiesta,15853.494
 Focus,16056.603
 Focus,12697.171
 Grand C-MAX,7116.154
 Fiesta,9967.308380952381
 Fiesta,10253.366
 C-MAX,12289.432
 Kuga,13885.488
 Focus,11395.234
 Galaxy,18537.25
 Fiesta,10327.989
 Focus,16579.96
 Focus,15884.21
 Fiesta,7119.711
 Fiesta,8901.736
 Fiesta,8872.347
 Focus,9034.22
 Fiesta,18337.966
 Fiesta,11893.695
 Fiesta,12861.662
 EcoSport,12939.019
 Kuga,10712.624
 Focus,10848.074
 Fiesta,16316.697
 Kuga,13464.635
 Focus,6670.681
 EcoSport,10579.516
 EcoSport,10612.087
 Kuga,30896.7
 Fiesta,18610.186
 B-MAX,10942.44
 S-MAX,15445.476
 Kuga,19030.959
 EcoSport,9827.265
 Fiesta,10798.902
 Fiesta,6244.468
 Grand C-MAX,9807.627
 Fiesta,11176.054
 Mondeo,10471.749
 Focus,17945.855
 Kuga,19008.469
 Fiesta,14118.081
 Focus,10906.794
 Fiesta,9449.823
 Mondeo,13857.97
 Focus,14364.314
 Fiesta,11077.293
 Fiesta,8939.961
 Focus,12053.063
 Fiesta,13314.905
 Focus,16636.897
 Kuga,15423.015
 Fiesta,9733.325
 Fiesta,11228.376
 Focus,18257.093
 Fiesta,10349.54
 Kuga,18504.209
 Focus,3192.551
 Focus,12045.609
 Kuga,18943.5
 Kuga,18904.908
 Galaxy,17954.734
 Fiesta,8264.654
 Ka+,9034.421
 Focus,11983.111
 Fiesta,9542.018
 Fiesta,8130.449
 Focus,7709.852
 C-MAX,18432.738
 Mondeo,9901.097666666668
 Fiesta,8744.352
 Galaxy,20695.416
 Kuga,12120.537
 EcoSport,14204.404
 Focus,8430.097
 Kuga,15319.743
 Fiesta,12914.263
 C-MAX,10927.396
 Fiesta,8373.144
 Fiesta,14800.175
 Focus,15906.546
 Focus,12796.089
 Kuga,7980.602
 Mondeo,5311.944
 Kuga,16441.113
 Focus,8536.723
 Kuga,13617.221
 Kuga,22184.323
 Fiesta,10233.462
 Grand C-MAX,5943.362
 Fiesta,8563.02
 Edge,22588.271
 Focus,12441.271
 Grand C-MAX,7978.52
 Fiesta,9676.692
 Fiesta,5699.939
 Fiesta,13330.1485
 Focus,12341.369
 EcoSport,17716.786
 Fiesta,18066.808
 Fiesta,18811.707
 Fiesta,9585.891
 Fiesta,6414.832
 Focus,9752.918666666668
 Fiesta,7600.735
 Fiesta,9421.267
 Ka+,9112.255
 Fiesta,12279.872
 Focus,11296.215
 Fiesta,16544.733
 Fiesta,6533.537
 Fiesta,8042.572
 Fiesta,7297.853
 Mondeo,9209.575
 Focus,9145.057
 Fiesta,7937.851
 Focus,5665.865
 Fiesta,10164.951
 Ka+,8392.759
 Fiesta,11173.783
 Focus,16110.388
 Fiesta,14755.099
 Focus,12211.242
 Fiesta,9701.316
 Ka+,7865.196
 Fiesta,12139.376
 Kuga,16100.397
 Fiesta,10379.495
 Fiesta,7696.273799999999
 Focus,6014.641
 Kuga,22083.64
 Kuga,9700.565
 EcoSport,11680.961
 Kuga,20283.685
 Tourneo Custom,30224.224
 Focus,14394.838
 Focus,31705.904
 Fiesta,8756.183
 KA,5029.593
 Fiesta,13290.935
 Fiesta,14942.336
 Focus,17176.823
 Focus,12142.19
 Focus,15733.185
 Focus,11690.419
 Grand C-MAX,14047.311
 Kuga,24703.882
 Fiesta,7218.047
 Focus,11530.781
 Focus,19172.508
 C-MAX,18224.852
 Mondeo,14218.26
 Kuga,15931.79
 Fiesta,11050.584
 Kuga,13839.068
 Fiesta,9266.029
 Grand Tourneo Connect,13958.654
 Fiesta,11962.376
 EcoSport,17345.752
 Focus,9641.157
 C-MAX,10579.41
 S-MAX,19609.325
 Kuga,13441.394
 Fiesta,16449.088
 Fiesta,6005.013
 EcoSport,9791.995
 Focus,11305.548
 EcoSport,17514.076
 Focus,15267.68
 Kuga,9731.682
 Grand C-MAX,10477.265
 Focus,16053.883
 Focus,17232.686
 Fiesta,7495.21
 Focus,11629.189
 Focus,11194.771
 Focus,13524.757
 Focus,7085.97
 Galaxy,18295.734
 KA,1909.31175
 Fiesta,11812.433
 Tourneo Connect,15059.785
 Focus,17901.944
 Fiesta,8399.11
 Fiesta,14248.905333333332
 C-MAX,14501.495
 Fiesta,11278.823
 Galaxy,18278.264
 Fiesta,10281.822
 Fiesta,10283.503
 Fiesta,10147.217
 Focus,15912.081
 Fiesta,6795.542
 Focus,16461.931
 Focus,19576.062
 Focus,14386.595
 Fiesta,8471.468
 Focus,13879.141
 Kuga,13974.679
 EcoSport,14724.2065
 Focus,18341.054
 Ka+,7834.569
 Fiesta,8326.452
 Fiesta,11185.219897619052
 Grand C-MAX,11106.653
 C-MAX,11057.339666666669
 Kuga,22398.613
 EcoSport,14268.345
 C-MAX,11218.391
 Focus,15760.632
 EcoSport,13051.447
 Fiesta,15956.6
 Fiesta,10762.543
 Fiesta,7991.76286190476
 Focus,11658.158
 Fiesta,11716.458
 Kuga,17130.211
 Focus,10940.971
 Kuga,18837.153
 Fiesta,9442.795
 KA,4655.575
 Focus,16558.305523809522
 Fiesta,8090.218
 Focus,2258.631
 Fiesta,6758.33
 Kuga,14039.153
 Kuga,14489.83
 Focus,7124.765
 Focus,12508.221
 Fiesta,9662.886
 EcoSport,10731.731
 Focus,16503.354
 Fiesta,13270.3995
 Edge,19030.956
 Fiesta,11051.015
 Focus,10706.594
 Mondeo,3806.416
 Grand C-MAX,8946.043
 Kuga,12031.444
 Focus,17250.719
 Fiesta,10089.939
 Fiesta,9693.552
 EcoSport,8339.206
 Focus,9724.328
 Fiesta,7322.307
 Focus,17241.069
 Fiesta,16276.319
 Fiesta,10334.244
 Ka+,16665.768
 Ka+,7053.032
 EcoSport,10162.096
 C-MAX,7971.042
 Fiesta,16289.543
 B-MAX,10536.715
 Mondeo,19861.916666666668
 Mondeo,10712.495
 EcoSport,15675.967
 Fiesta,10532.709
 Fiesta,9412.098
 Fiesta,9591.052
 Kuga,14806.854
 Kuga,11676.879
 B-MAX,9788.433
 Focus,11564.23
 EcoSport,15545.197
 Fiesta,10352.798
 Fiesta,10549.2675
 Focus,10235.858
 Focus,24258.633
 Fiesta,12244.101
 Focus,10313.213
 Edge,16662.937
 Kuga,19847.591
 C-MAX,14212.154
 Fiesta,11545.529
 Fiesta,6938.174
 Focus,6754.7
 Kuga,15674.007
 Focus,11512.862
 Kuga,15790.899
 Focus,14500.835
 Focus,14942.182
 Focus,17230.7
 Fiesta,10325.412
 Ka+,10849.596
 Kuga,12355.845
 Edge,20040.434
 Fiesta,10041.035
 Mondeo,9475.328
 S-MAX,17819.794
 Fiesta,9602.101
 Galaxy,16876.549
 Focus,7236.16
 Fiesta,10812.601
 Fiesta,7137.742
 Focus,18461.733
 Fusion,6008.699
 Mondeo,9430.195
 Kuga,10098.075
 Focus,7324.658
 Fiesta,10586.301
 Focus,7931.328
 Focus,7195.453
 Kuga,12934.311
 Grand C-MAX,10568.774
 Fiesta,10848.116
 Focus,9966.407
 Ka+,9001.566
 Fiesta,8713.148
 Kuga,16339.173
 Fiesta,7761.272
 Fiesta,18463.277
 Focus,16265.182
 Fiesta,11877.762
 Fiesta,8381.153
 Fiesta,6017.436
 Fiesta,7904.006
 Fiesta,9441.06275
 Ka+,9188.683
 Focus,16393.473
 Focus,18652.47
 Fiesta,7395.286
 Fiesta,7800.188
 Mustang,29362.271
 Kuga,19119.707
 Fiesta,10773.866
 C-MAX,9271.294
 Fiesta,8389.712
 Focus,9422.934
 Focus,10464.036
 Kuga,14510.146
 Kuga,21034.069
 Focus,16948.492
 Kuga,17815.131
 Fiesta,6574.297
 Kuga,17856.369
 Kuga,15908.314
 EcoSport,10980.504
 Focus,6318.994
 Fiesta,9816.722800000001
 Fiesta,16491.899
 Mondeo,16069.847
 Fiesta,13096.841
 Fiesta,8919.278
 Focus,10723.355
 Focus,9343.011416666668
 Fiesta,12027.339
 Kuga,24958.215
 C-MAX,7216.272
 S-MAX,18434.42
 Fiesta,10500.069
 Focus,13256.67
 B-MAX,9618.782
 Fiesta,10202.208
 Focus,2668.067
 Fiesta,8539.938
 Focus,14803.461
 Focus,8540.495
 Focus,30744.743
 Fiesta,11076.859
 Fiesta,12938.165
 Fiesta,7499.315
 Mondeo,12113.565
 Fusion,8693.936
 Focus,16504.148
 Focus,9894.52
 Kuga,25281.168
 Edge,18936.665
 Kuga,9955.135
 Fiesta,10323.039
 Grand Tourneo Connect,15642.681
 Fiesta,10570.507
 Fiesta,11036.611
 Fiesta,2864.216
 Fiesta,11149.08
 Focus,9146.451
 Fiesta,15219.347
 Puma,17491.453
 Fiesta,4815.796
 Mondeo,18187.861
 Fiesta,13351.63
 Fiesta,7326.793
 Grand C-MAX,10328.623
 Mondeo,12508.983333333334
 EcoSport,16685.216
 EcoSport,10167.14
 Fiesta,10656.444
 EcoSport,14416.563
 C-MAX,10366.479
 Kuga,17155.586
 Fiesta,7982.736
 EcoSport,13901.413
 Kuga,21286.899
 Edge,23956.134
 C-MAX,10612.169142857138
 Fiesta,10632.13
 Focus,11120.287
 Focus,12837.487
 S-MAX,21831.075
 Tourneo Custom,26092.361
 EcoSport,16499.07
 B-MAX,6333.106
 Fiesta,16828.304
 Focus,16998.267
 Focus,18486.592
 KA,10528.085
 EcoSport,17442.657
 Edge,20186.753
 Focus,10273.3665
 Kuga,13106.248
 Fiesta,7561.816
 Fiesta,10765.459208333337
 S-MAX,18317.882
 Mondeo,14327.431
 Fiesta,11762.334
 Fiesta,10588.536333333333
 Fiesta,10710.153083333335
 Fiesta,7266.374
 Ka+,7800.421
 Kuga,13048.061
 C-MAX,9660.175
 Fiesta,13864.934
 Fiesta,7132.433
 Focus,18960.635
 Fiesta,10958.471
 Ka+,11100.883666666667
 Fiesta,8557.326
 Fiesta,11852.783
 Kuga,16296.01
 Fiesta,8692.928
 B-MAX,8822.223
 Focus,13361.235
 Ka+,7392.226
 Fiesta,14203.864
 Fiesta,9144.886
 Galaxy,15698.757
 Fiesta,9258.845
 Fiesta,6843.749
 Fiesta,9065.277
 KA,3876.809
 Puma,20503.12
 Focus,16787.746
 Focus,16945.326
 Fiesta,17744.428
 Fiesta,9168.06
 Kuga,16465.913
 Fiesta,16468.545
 Fiesta,9558.639
 Fiesta,9603.634
 Focus,5569.941
 Focus,12176.601
 Fiesta,10203.775333333331
 Focus,7686.534
 Fiesta,7204.45
 Focus,17527.22
 Focus,22027.257
 Kuga,14950.403
 EcoSport,14522.86
 Fiesta,14380.836
 Focus,10781.176
 Fiesta,9618.502
 EcoSport,9787.395
 Focus,15722.274
 Fiesta,10316.307
 Fiesta,15263.745
 Focus,17680.499
 Tourneo Custom,20981.376
 Focus,13970.903
 Fiesta,13739.974
 Kuga,11763.344
 Focus,16912.266
 Edge,23525.218
 Fiesta,10195.65
 Puma,22059.404
 EcoSport,8296.051
 Fiesta,5668.625
 Fiesta,10940.845
 Puma,20941.537
 Fiesta,9482.658
 Grand C-MAX,12221.095
 Focus,15074.533
 Focus,11826.998
 Focus,12015.58
 Focus,11933.974
 Focus,17463.464
 Kuga,14853.553
 S-MAX,18431.444
 Fiesta,16235.61
 Focus,16855.345
 Fiesta,8957.125
 Kuga,19621.481
 Focus,9396.923
 EcoSport,16311.606
 Focus,17443.374
 Focus,17489.315
 Fiesta,11065.676
 Kuga,19835.171
 Focus,18781.313
 Fiesta,7457.901
 Focus,19931.944
 Fiesta,10782.016
 B-MAX,10957.057
 Focus,17105.205
 Focus,13942.138
 Fiesta,5460.615
 Fiesta,13400.826
 Ka+,7832.956
 Ka+,7333.917
 Ka+,10386.995
 Kuga,14472.408
 Focus,10987.82
 Kuga,18910.971
 Fiesta,6648.065
 Focus,15517.06
 Focus,16810.483
 Grand C-MAX,13940.126
 Kuga,14521.96
 C-MAX,10012.955
 Focus,10270.188
 Fiesta,15932.777
 Focus,5444.317
 Focus,16548.086
 Focus,12000.799
 Fiesta,7103.502
 Focus,7153.572
 Focus,16971.916
 Fiesta,8669.14
 EcoSport,16372.861
 Fiesta,10175.747
 Fiesta,8720.874
 Fiesta,9031.723
 Fiesta,9049.842
 Focus,16175.402
 Kuga,11990.147
 Grand C-MAX,9785.516
 Galaxy,19075.704
 Galaxy,16139.353
 Fiesta,10474.571
 Kuga,19101.521
 Focus,12423.763
 Fiesta,14088.607
 Fiesta,8188.486
 Focus,3116.036
 Focus,8135.471
 Focus,16572.884
 C-MAX,18795.17
 EcoSport,9945.1895
 Fiesta,10491.41
 Mondeo,14185.656
 Fiesta,9897.292
 Kuga,14258.979
 Fiesta,10901.470500000001
 Mondeo,8356.193
 Focus,18854.873
 Fiesta,6226.004
 Focus,11012.649
 Fiesta,8162.288
 Focus,20012.304
 Fiesta,9712.433
 C-MAX,9044.568
 B-MAX,9123.738
 C-MAX,12972.356
 Focus,11589.446
 Focus,9421.221
 Fiesta,12146.623
 Focus,15404.164
 Mondeo,9677.223
 Focus,10499.965
 EcoSport,9505.956
 Fiesta,10496.003
 Focus,12724.962
 Fiesta,9019.935
 Fiesta,8068.417733333334
 C-MAX,10739.843
 Focus,12334.024475
 Fiesta,9422.359
 Fiesta,8555.341
 Mondeo,13921.83
 Fiesta,8255.815
 Fiesta,6749.131
 EcoSport,9565.729
 Focus,9125.553
 Fiesta,7460.458
 Focus,8747.202
 Focus,19489.755
 Fiesta,17692.442
 Focus,16319.756
 Focus,16686.84
 Focus,12816.612
 Kuga,9388.311
 Kuga,19313.565
 Fiesta,6946.221
 Focus,16042.146
 EcoSport,14877.388
 Kuga,15064.226
 Fiesta,10515.917
 Focus,11308.231
 Focus,13330.484
 Kuga,15136.099
 Focus,5613.634
 Fiesta,9140.732
 Fiesta,8790.875
 Fiesta,9423.834
 Focus,16271.202
 Fiesta,10008.009
 Fiesta,9445.573
 Kuga,20611.273
 Fiesta,9289.776
 Fiesta,10455.765
 Focus,16701.423
 Fiesta,11389.668
 Mondeo,21030.519
 C-MAX,10679.887333333329
 Mondeo,7005.571
 Focus,14675.639
 Fiesta,15176.676
 Fiesta,10165.716
 Kuga,19252.998
 Kuga,12684.971
 Fiesta,6698.147
 Fiesta,9157.82
 EcoSport,19308.638
 Kuga,9523.267
 B-MAX,6811.449
 Focus,9257.679
 Fiesta,10332.422
 Kuga,16000.673
 Focus,1847.428
 Edge,24590.64
 Grand C-MAX,14234.539
 Fiesta,13279.209
 Fiesta,14239.147
 Focus,16202.873
 Focus,19364.066
 Focus,17005.862
 Focus,13707.354
 Focus,12402.999
 Kuga,10838.03
 Fiesta,10339.653
 Focus,24003.357
 Fiesta,18586.926
 Fiesta,10102.55
 Edge,24069.275
 Mondeo,20065.958
 EcoSport,18613.222
 EcoSport,10777.713
 Kuga,17467.172
 EcoSport,8000.235
 Fiesta,9107.527
 Fiesta,10400.852
 Fiesta,11582.523
 EcoSport,16543.806
 Fiesta,13358.225
 Focus,16352.194666666666
 Fiesta,10931.733
 Focus,10052.965
 C-MAX,10126.286
 Fiesta,7793.853
 Focus,10604.651
 Focus,15713.048
 Focus,9897.324
 Mondeo,28118.914
 Mondeo,8134.609
 Fiesta,3761.936
 Fiesta,6152.2
 Ka+,6369.807
 Fiesta,9919.474
 Fiesta,11596.135
 Focus,17270.103
 Fiesta,10335.664
 Focus,16179.373
 Mondeo,8165.77
 Fiesta,8630.543
 Mondeo,13489.006
 Fiesta,7020.08
 EcoSport,16525.218
 Focus,14863.051
 C-MAX,9212.518
 Focus,7830.806
 Mondeo,12661.102
 Ka+,10805.284
 Kuga,22039.385
 Focus,19153.063
 Kuga,11895.307
 Focus,11614.365
 Kuga,14506.417
 EcoSport,16515.315
 Focus,11673.592
 Focus,15957.312
 Fiesta,11579.737
 Focus,8235.236
 Mondeo,6828.528
 Focus,8967.477
 Fiesta,8220.405
 Fiesta,10950.602
 Kuga,12379.887
 Galaxy,14488.905
 Focus,17632.33
 Fiesta,11212.312
 Focus,9237.601
 Fiesta,7137.143
 Fiesta,9737.415
 C-MAX,17991.319
 Kuga,10161.204
 Focus,17674.23023809524
 Fiesta,7259.357
 S-MAX,17838.805
 Focus,8888.944
 Focus,8149.758
 KA,4841.459
 Mondeo,18137.049
 Tourneo Custom,18606.818
 Fiesta,6555.84285
 Fiesta,10126.656
 EcoSport,14870.088
 Fiesta,9875.413
 Fiesta,17001.747
 Mondeo,14458.115
 EcoSport,9733.753
 EcoSport,17630.692
 EcoSport,10596.92325
 Fiesta,5063.11
 C-MAX,13521.379
 Focus,5342.061
 Ka+,7339.433
 S-MAX,17833.547
 Kuga,15684.011
 Mondeo,15546.035
 Ka+,8716.489
 Galaxy,20707.283
 Focus,12867.998
 Kuga,20489.552
 EcoSport,13590.912
 Focus,16113.646
 Kuga,20969.356
 EcoSport,14187.224
 Fiesta,9048.022
 Fiesta,7211.524
 Kuga,19616.699
 EcoSport,12232.43
 Focus,15587.445
 Fiesta,14725.872
 Focus,13303.076
 Fiesta,8672.157
 Kuga,17080.28
 Focus,8709.525
 Focus,7103.564
 Fiesta,6534.176
 Mondeo,14452.288
 Kuga,16371.102
 Focus,14782.167095238092
 Focus,14776.057
 Fiesta,12586.583
 Fiesta,10543.434
 Focus,10038.525
 Focus,10469.873
 Fiesta,9544.64
 Kuga,15800.134
 Fiesta,9671.695
 Focus,10980.499
 Ka+,7862.579
 Fiesta,5031.474
 Fiesta,10749.615
 Fiesta,9417.476
 Kuga,12410.525
 Focus,15742.239428571427
 Focus,13029.43
 Fiesta,17981.678
 Kuga,15608.319
 C-MAX,10488.157
 S-MAX,18591.939
 Mondeo,10771.491
 Focus,11770.204
 Fiesta,7912.3905
 C-MAX,15382.803
 Focus,15939.445
 Fiesta,7969.391
 Fiesta,7680.076
 Fiesta,10958.769
 Fiesta,11910.553
 Focus,17841.051
 Focus,16971.116
 Focus,7387.155
 Fiesta,8813.998
 Fiesta,10893.096
 Fiesta,7236.745
 Fiesta,10287.036
 Kuga,14388.103
 Fiesta,11582.411
 Kuga,19511.392
 Fiesta,10763.988
 EcoSport,14418.767
 KA,7515.236
 Fiesta,8939.621
 Fiesta,11689.326
 Edge,21560.855
 Focus,10515.228
 Mondeo,10866.191
 Fiesta,12065.688
 Focus,10694.63
 Fiesta,13968.878
 Fiesta,10431.311
 Fiesta,11626.015
 Kuga,16164.382
 Tourneo Custom,22292.569
 Focus,11811.548
 Ka+,8721.485
 Focus,13690.604
 Ka+,7713.489
 Kuga,12715.602
 Fiesta,9739.472
 Focus,11611.542
 Fiesta,8121.42
 Fiesta,7573.69
 Mustang,31372.809
 Kuga,15704.196
 Kuga,16121.312
 Fiesta,8235.347
 Ka+,7806.126
 Fiesta,16555.199
 Kuga,16027.146
 Mustang,32599.839
 Fiesta,8196.053
 Kuga,17676.962
 Fiesta,12530.895
 Fiesta,17791.401
 Edge,20100.257
 Focus,4497.14
 Fiesta,10366.369
 Galaxy,14128.068
 Edge,18977.47
 Mondeo,13771.652
 Focus,13536.591
 Focus,11765.473
 Focus,10388.484
 Kuga,15874.008
 Fiesta,12116.704
 EcoSport,10436.663
 Focus,7063.328
 Edge,18499.544
 Fiesta,9357.405
 B-MAX,11337.068
 Fiesta,9330.452
 Fiesta,15975.251
 Fiesta,8955.343
 Fiesta,13466.551
 EcoSport,13935.826
 Focus,7895.8925
 Focus,15929.533
 Fiesta,12765.984
 Focus,2501.116
 Focus,17421.254
 EcoSport,8460.692
 C-MAX,7180.141
 Focus,11592.091
 Fiesta,10379.895
 Fiesta,10008.178
 Galaxy,24601.418
 Focus,13051.189
 Focus,11421.277
 Fiesta,10919.966
 Fiesta,8423.256
 Fiesta,10364.68
 EcoSport,14558.355
 Fiesta,6928.812
 Kuga,18953.034
 Focus,13725.108
 Kuga,9808.009
 Fiesta,15136.095
 Focus,18400.788
 Fiesta,8597.188
 Focus,10625.653
 Fiesta,12583.521
 Focus,16935.814
 Focus,8121.17
 Focus,13654.039
 Fiesta,9512.495
 EcoSport,14326.813
 Fiesta,9874.277
 Fiesta,18575.135
 Mondeo,14061.339
 Kuga,17226.083
 S-MAX,19400.912
 Fiesta,8855.684
 Fiesta,10255.663
 EcoSport,15545.174
 Fiesta,10103.729
 Fiesta,11586.334
 Focus,10593.013
 Focus,17496.993
 Kuga,15933.406
 Fiesta,10877.986
 Focus,11114.69
 Focus,11798.905
 Fiesta,8018.271
 Focus,9332.94
 Fiesta,9429.512
 Mondeo,10226.384
 Focus,14400.242
 Edge,24590.64
 Fiesta,14130.312
 Ka+,7150.971
 Kuga,15635.661
 EcoSport,8772.693
 Fiesta,13035.799
 S-MAX,17470.558
 Kuga,14469.911
 Kuga,19361.056
 Kuga,17242.036
 Fiesta,7355.60215
 Edge,19640.135
 C-MAX,2158.223
 Focus,17498.48
 Focus,6979.27
 Focus,9707.902
 C-MAX,8204.497
 Fiesta,7030.647
 Focus,17144.306
 EcoSport,8023.803
 Fiesta,9528.471
 Ka+,8827.66
 Focus,13509.337
 Fiesta,8471.389
 Kuga,19094.251
 Focus,15360.914888888885
 Focus,10132.199
 EcoSport,15386.479
 Focus,10158.144
 Focus,12784.245
 Focus,8266.418
 Fiesta,7836.258733333333
 B-MAX,5886.701
 Grand C-MAX,11906.167
 Kuga,17292.286
 Focus,8205.001
 Fiesta,9067.083
 Focus,17717.029
 EcoSport,11159.845
 Focus,11396.628
 Fiesta,10463.823
 Focus,8677.921
 Fiesta,5415.227
 Focus,17623.35
 Focus,9335.358
 S-MAX,9971.982
 Fiesta,8862.262666666666
 B-MAX,6672.807
 Fiesta,7572.772
 Focus,12685.119
 Grand C-MAX,15122.953
 Fiesta,9384.531
 Fiesta,6223.743
 S-MAX,19238.686
 Fiesta,7936.327
 Fiesta,16570.64
 Fiesta,2564.60725
 Focus,11035.759
 Focus,11272.254
 C-MAX,8617.093
 EcoSport,16499.671
 Fiesta,12574.629
 Focus,9811.667
 Edge,23720.729
 B-MAX,5640.875
 C-MAX,8591.165
 Focus,7092.267
 Kuga,12321.083
 Ka+,10543.578
 Fiesta,10031.243
 Fiesta,12959.954
 C-MAX,4554.907
 Focus,15147.202
 Fiesta,8261.405
 Fiesta,6141.402
 Ka+,7680.335
 Focus,26724.941
 Fiesta,8363.233
 Fiesta,10459.391
 Focus,10402.297
 Focus,17931.588
 Fiesta,4024.196
 KA,5318.199
 Fiesta,10198.249
 Fiesta,7104.434
 Focus,17707.846
 Fiesta,9269.531
 Fiesta,9297.761
 Fiesta,8540.497666666666
 Kuga,15748.678
 Fiesta,7540.919
 Fiesta,7794.625
 Fiesta,9852.482
 Fiesta,8130.403
 Focus,8245.62
 Focus,17843.779
 Fiesta,13410.372
 Kuga,17308.665
 Focus,6004.829
 Galaxy,2284.04
 Focus,10516.562
 Fiesta,10946.386
 Fiesta,8424.915
 Kuga,9736.029
 Fiesta,11058.0
 EcoSport,16425.564
 C-MAX,10595.407476190472
 Kuga,14089.451
 Fiesta,7850.577
 Focus,15569.046
 C-MAX,16570.798
 KA,7432.381
 Focus,17199.427
 Fiesta,9014.151
 Fiesta,10577.959333333334
 Kuga,18178.01
 Fiesta,13180.397
 Focus,15857.532
 Focus,14286.756
 Fiesta,6872.358
 EcoSport,16263.77
 Focus,15893.209
 Fiesta,10205.269666666667
 Kuga,16463.673
 Focus,14234.004999999997
 Focus,16299.998
 Galaxy,24060.30033333333
 Fiesta,7232.83
 Fiesta,8769.878
 Focus,13371.839
 Fiesta,6552.029
 Focus,16284.153
 Focus,4975.524
 Fiesta,9879.587
 EcoSport,12892.619
 Fiesta,8160.096
 Focus,8229.901
 Fiesta,8915.058
 Fiesta,13025.295
 Fiesta,14543.314666666665
 Fiesta,8297.840333333334
 Focus,10579.766
 Focus,10244.196
 Galaxy,5575.735
 EcoSport,13497.716
 Fiesta,10625.684
 Focus,9861.431
 Focus,17133.772
 Kuga,14463.701
 Mondeo,16827.192
 Focus,10123.194
 Fiesta,6897.571
 Fiesta,16278.181
 Fiesta,11304.916
 Ka+,11109.625
 Focus,10845.315
 C-MAX,14360.11
 Kuga,12782.256
 Focus,5782.782
 Fiesta,9423.361
 Focus,11158.465
 Kuga,16045.637
 Fiesta,8449.663
 Kuga,15405.38
 Focus,7502.772
 Focus,18860.492
 Focus,13670.246
 Fiesta,8764.063
 C-MAX,8097.333
 Tourneo Custom,30671.338
 Fiesta,10931.412
 Focus,15006.317
 Galaxy,9547.227
 B-MAX,10359.958
 Fiesta,7600.812
 Focus,5364.81
 Fiesta,9276.195
 Fiesta,10958.769
 Fiesta,8580.772
 Focus,12803.646
 Fiesta,8374.7
 EcoSport,14240.205
 Fiesta,10770.894
 Fiesta,8608.25
 Fiesta,9226.523
 EcoSport,10620.786
 Fiesta,7150.957
 Mondeo,13505.616
 Fiesta,7604.871
 Fiesta,8422.982
 Fiesta,8992.974
 Fiesta,9564.719
 Fiesta,14688.156
 Focus,9767.483
 Kuga,10589.469
 Focus,13065.794
 Fiesta,10628.866
 Fiesta,9867.551
 Fiesta,8325.135019047613
 Fiesta,7546.435
 Focus,12325.817
 Focus,11545.128
 Focus,10318.9
 Fiesta,9920.134
 Kuga,9492.37
 Fiesta,10789.578
 Focus,17426.726
 B-MAX,12283.629
 Fiesta,7970.2405
 Fiesta,14389.577666666668
 C-MAX,12575.318
 Fiesta,9910.489
 Focus,16539.475
 Focus,11573.068
 S-MAX,24791.416
 Kuga,10249.102
 Fiesta,10095.622283333334
 Galaxy,17987.394
 Fiesta,6828.416
 Fiesta,8109.918
 Fiesta,13026.694999999996
 Focus,17178.608476190475
 Focus,13610.776
 Focus,3063.629
 Kuga,16365.278
 Fiesta,11367.459
 Fiesta,11411.003
 Fiesta,16383.305
 EcoSport,12427.134
 Fiesta,9857.697
 Kuga,18216.372
 Focus,12077.446
 Kuga,16794.095
 Fiesta,14382.777
 Fiesta,9925.423
 Fiesta,9152.483
 Ka+,7274.1
 Focus,14528.603
 Kuga,18715.254
 Galaxy,19323.262
 Kuga,17726.102
 EcoSport,9731.326
 Fiesta,11037.447
 Focus,20055.648
 Galaxy,12302.15
 Fiesta,10256.263
 Fiesta,9217.602
 Kuga,18126.703
 Fiesta,6702.093
 Fiesta,10687.137
 Kuga,14772.236
 Tourneo Custom,19947.931
 Fiesta,7204.45
 Kuga,16519.824
 Kuga,23450.427
 Focus,9908.757
 Fiesta,9410.993
 Focus,16688.077
 Kuga,18419.102
 Fiesta,6442.766
 Fiesta,8307.991
 Edge,25632.593
 Ka+,9058.316
 Ka+,9349.435
 Kuga,14709.399
 Focus,10132.483
 Mondeo,17047.509
 Fiesta,8850.592
 Fiesta,7827.143
 KA,4963.761
 EcoSport,14378.175
 C-MAX,16825.454
 Mondeo,9883.665
 Fiesta,13439.943
 Fiesta,8143.373
 Kuga,13169.409
 EcoSport,9426.723
 Focus,15355.17
 Focus,17086.583
 Focus,10807.098
 Fiesta,1964.337
 Mondeo,9620.231
 Kuga,11094.246
 Kuga,18346.586
 Focus,7792.878
 Fiesta,10448.699
 Focus,12224.809333333333
 Focus,14701.144
 Fiesta,9614.624
 Focus,13509.959
 Fiesta,6884.08
 C-MAX,10966.074
 Focus,14335.185
 Focus,18761.084
 Fiesta,10603.643
 Fiesta,9584.736
 Fiesta,11778.465
 Grand C-MAX,12456.318
 Kuga,13109.026
 Kuga,20522.882
 EcoSport,13584.321492857141
 Fiesta,8096.357
 Focus,18391.199
 Fiesta,3498.88
 Fiesta,11085.305
 Edge,24797.692
 KA,4206.963
 Focus,10485.838
 Fiesta,10292.14825
 Focus,10571.742
 Kuga,10283.84
 Fiesta,7009.63
 Fiesta,8872.117
 Tourneo Custom,15727.466
 Focus,11592.222
 Focus,11573.617
 Fiesta,9823.723
 Fiesta,10852.762
 Fiesta,16424.628
 Fiesta,11670.022
 EcoSport,17475.639
 Ka+,10205.531
 Edge,19509.014
 Kuga,17815.333
 Fiesta,8687.821
 Grand C-MAX,8515.713
 Kuga,7027.85
 Fiesta,12672.861
 Fiesta,17225.074
 EcoSport,9598.395
 Fiesta,10727.78
 Focus,10728.561
 Kuga,19024.529
 Ka+,9940.047
 Focus,16853.696
 Fiesta,9784.432
 Fiesta,11511.4415
 Kuga,21180.243
 C-MAX,10627.681
 Kuga,10177.595666666668
 Fiesta,7167.413
 Focus,13515.6
 Fiesta,10922.246
 Focus,9226.975
 Focus,14332.475
 EcoSport,9943.769
 Fiesta,12997.0
 Fiesta,14083.663
 Kuga,15794.871
 Focus,20991.088
 Focus,10709.906
 Kuga,14979.159
 Focus,13877.486
 Fiesta,15638.881
 Ka+,7612.61
 Kuga,12932.857
 Focus,11152.784
 Focus,12184.505
 Fiesta,13974.305
 Galaxy,14219.857
 Focus,12846.068
 Fiesta,9670.734
 Fiesta,8096.945
 Focus,16312.65
 Focus,15633.402
 Fiesta,8228.252
 Fiesta,10868.308
 Fiesta,10176.9
 Focus,12267.478
 Fiesta,9095.541
 Fiesta,15152.867
 Fiesta,8182.163
 Fiesta,10193.148
 Mondeo,13689.42
 Kuga,13109.182
 Focus,10057.653
 EcoSport,10420.769
 EcoSport,16734.213
 Fiesta,9420.745
 Fiesta,7918.184
 Fiesta,7930.52
 Focus,14227.733
 EcoSport,16742.8875
 Fiesta,9439.179
 Fiesta,7827.043
 Fiesta,13025.563
 Fiesta,10278.00325
 C-MAX,10778.319
 Kuga,20058.935
 Kuga,18789.75
 Kuga,12844.149
 Fiesta,12362.171
 EcoSport,13644.176
 EcoSport,10878.641
 Fiesta,8745.525
 Focus,19759.227
 Fiesta,7823.707
 Focus,17127.449
 Kuga,20263.904
 Focus,19103.511
 Ka+,9528.005
 Grand Tourneo Connect,16528.102
 EcoSport,13392.275
 C-MAX,9938.593333333334
 Fiesta,10273.535
 Focus,6751.213
 B-MAX,8698.63
 Fiesta,11254.853
 Focus,11469.263
 Edge,19071.927
 Focus,2456.194
 Fiesta,14741.799
 Kuga,18094.639
 Fiesta,11504.069
 Focus,10582.397
 Focus,10967.131
 Fiesta,10451.878
 Kuga,15872.146
 Focus,13308.939
 Fiesta,8417.576
 EcoSport,13506.97
 Focus,12067.128
 Focus,7267.566
 C-MAX,14788.056
 Fiesta,10570.507
 Mondeo,16892.096
 Kuga,18890.247
 Focus,16927.137
 Kuga,15001.67
 Kuga,21533.084
 Fiesta,10170.804
 Kuga,15729.594
 S-MAX,7755.49
 Fiesta,19603.035
 Fiesta,10691.641
 Focus,16962.817
 Focus,6522.926
 EcoSport,9586.354
 Edge,17575.728
 Fiesta,8150.107
 Edge,18803.326
 Fiesta,10912.811
 Fiesta,10425.512
 Fiesta,9025.445666666667
 Kuga,17589.201
 Kuga,24711.739
 Fiesta,7305.52
 EcoSport,12704.556
 Fiesta,10864.252
 C-MAX,10915.07
 Fiesta,9553.545
 Fiesta,8821.132
 Fiesta,13895.413
 Fiesta,6104.677
 Focus,17132.656
 Focus,11250.381
 Edge,17506.627
 Kuga,18818.695
 Fiesta,14004.778
 Fiesta,10339.812
 Fiesta,10129.097
 Focus,11161.342
 Kuga,23689.353
 Fiesta,7602.5
 Focus,17480.522
 Kuga,17633.97
 Mustang,39845.404
 Kuga,16358.462
 B-MAX,10452.342
 Fiesta,13841.227
 Fiesta,6954.726
 Kuga,17616.186
 Focus,11151.495
 Fiesta,9129.242
 Fiesta,8832.611
 Kuga,15735.178
 Fiesta,6543.835
 Fiesta,4043.592
 C-MAX,11088.469
 Fiesta,8660.826
 S-MAX,7300.41
 Kuga,16340.406333333332
 Focus,16773.726857142858
 B-MAX,9647.42
 Kuga,16859.247
 Focus,17270.863
 C-MAX,10370.344
 Fiesta,7574.195
 Focus,13965.314
 Fiesta,5472.147
 Focus,16639.245
 Kuga,16574.142
 EcoSport,10240.888
 Fiesta,11969.785
 Fiesta,9268.179
 Fiesta,9190.727
 Edge,19606.248
 Focus,11097.812
 Fiesta,6333.49
 Fiesta,10980.639
 Kuga,20164.88
 EcoSport,10555.294
 Fiesta,8430.418
 Kuga,11958.168
 Fiesta,7304.792
 Focus,10041.936
 Focus,9366.921
 Fiesta,18339.819
 Kuga,16060.541
 Focus,13759.601
 KA,6593.267
 Fiesta,9576.588
 Fiesta,10878.141
 Mondeo,8299.03
 Focus,11459.321
 S-MAX,24261.216
 EcoSport,13863.5935
 Kuga,22325.666
 Fiesta,8638.937
 Fiesta,8670.343
 Mondeo,12155.384
 Edge,17359.467
 Mondeo,9887.108
 Fiesta,6633.942
 Focus,2800.534
 Focus,19220.602
 Fiesta,9363.74
 Focus,1579.162
 EcoSport,14284.656
 Kuga,22463.681
 Focus,14570.839
 Fiesta,10461.22
 Focus,18995.234666666667
 Edge,18945.091
 EcoSport,16126.886
 B-MAX,11169.798
 Focus,10716.179
 EcoSport,8200.32925
 EcoSport,8823.334
 Fiesta,5975.876
 Focus,17066.72
 B-MAX,10149.125
 EcoSport,14874.186
 Fiesta,14063.150166666668
 B-MAX,6670.051
 Kuga,18410.113
 Edge,18676.113
 Fiesta,11958.7409
 Kuga,16754.982
 Focus,15717.33
 Kuga,22392.109
 EcoSport,9549.243
 Fiesta,7180.644
 Fiesta,6014.736
 Fiesta,7710.377
 Fiesta,13840.432
 Focus,12464.863
 Fiesta,11052.869
 Fiesta,14907.947
 Focus,9195.061
 Fiesta,14587.904
 Focus,18849.749
 Mondeo,11550.725
 Mondeo,7452.318666666666
 Focus,17417.521
 Fiesta,10115.774
 Ka+,9916.588
 Kuga,14929.992
 Fiesta,17979.922
 Focus,12634.379
 Focus,9563.208
 Focus,10997.357
 Fiesta,13393.244
 Fiesta,7259.361
 Fiesta,8599.804
 Fiesta,6995.882
 C-MAX,9594.316
 Focus,9723.702
 Focus,17682.061
 Fiesta,13113.635
 Fiesta,9562.598333333333
 Ka+,7404.685
 Fiesta,16795.775
 EcoSport,15770.571
 Fiesta,9961.438
 Fiesta,9475.071383333332
 Fiesta,9990.419
 EcoSport,15303.419
 Galaxy,20319.572
 Fiesta,12169.909
 Fiesta,5938.751
 Focus,17764.189
 Ka+,8885.85
 Mondeo,1743.469
 EcoSport,9970.69
 Fiesta,6098.555
 Fiesta,13170.168
 Fiesta,7456.782
 Focus,17029.461
 Focus,17157.339
 Focus,17238.777
 EcoSport,16631.45
 Kuga,21062.671
 Fiesta,3665.671
 Fiesta,13497.9
 Fiesta,14219.330785714286
 Fiesta,7901.213
 Focus,18748.566
 Focus,19861.837
 Mondeo,17145.349
 C-MAX,10445.012
 Mondeo,24489.638
 Focus,11981.787
 Fiesta,10025.124
 Fiesta,9359.36
 Fiesta,13100.125
 Fiesta,13824.608
 Fiesta,7880.934
 Fiesta,9070.179
 Focus,8861.727
 Ka+,7415.559
 Focus,16156.926
 Focus,10291.343
 Kuga,19101.521
 Kuga,18436.417
 Focus,7458.116
 Focus,15827.136
 Focus,10190.76
 Focus,16120.242
 Tourneo Custom,18756.027
 Kuga,16528.792
 Focus,13655.596
 Fiesta,5934.645
 Fiesta,10598.935
 Edge,23526.41
 EcoSport,10435.342
 B-MAX,8446.992
 Fiesta,10801.672
 Focus,11880.705
 KA,4870.703
 Fiesta,8470.189
 Kuga,15398.153
 Kuga,18727.29
 C-MAX,10440.253
 Focus,9937.09
 Kuga,15885.781
 Fiesta,9068.147
 Focus,11057.72
 Fiesta,10103.141
 Focus,8215.358
 Fiesta,13352.83
 Fiesta,11054.165
 Focus,11326.585
 Fiesta,16250.942
 EcoSport,16328.278
 Fiesta,6382.652
 Fiesta,8700.302
 Mondeo,3731.393
 Kuga,11506.306
 Grand Tourneo Connect,16911.17
 Fiesta,10981.807
 C-MAX,10850.224
 C-MAX,9716.194
 Fiesta,10389.382
 Focus,13471.729
 Fiesta,17278.924
 Focus,17011.922
 Fiesta,9971.619424603176
 Fiesta,18621.174
 Kuga,21968.396
 Focus,17816.581
 Focus,12788.805
 Fiesta,8615.199
 Fiesta,7632.802666666668
 Fiesta,8855.676
 EcoSport,14739.693999999998
 Fiesta,10108.626
 Focus,7990.671
 B-MAX,10410.308
 Fiesta,8145.237
 Kuga,18711.373
 Focus,16170.627
 Kuga,12884.601
 Kuga,10939.192
 EcoSport,14652.744
 Mondeo,6912.327899999999
 B-MAX,6040.469
 Edge,21486.914
 Focus,10918.328
 Focus,11194.496
 Focus,21481.161
 Mondeo,16484.577
 Focus,11829.361
 Fiesta,9987.03
 Fiesta,9405.836
 Fiesta,11065.676
 Focus,16377.237
 S-MAX,27881.038666666664
 Edge,20895.984
 Fiesta,4065.335
 Focus,8899.411
 Fiesta,16083.481
 Fiesta,17239.35
 Focus,10222.05
 Fiesta,8228.76
 Fiesta,11175.117
 EcoSport,9420.73
 C-MAX,12220.023
 Focus,8297.192
 EcoSport,14875.648
 Fiesta,7688.35
 Fiesta,3572.28175
 Focus,12355.235
 Focus,19095.506
 Fiesta,10828.354083333334
 Mondeo,18404.247
 Focus,13202.827
 Focus,27837.552
 Focus,13536.591
 Kuga,12982.254
 Fiesta,6847.069
 Fiesta,12063.176
 Focus,8833.64975
 Kuga,12364.491
 B-MAX,10334.771
 Kuga,14250.589
 Fiesta,10247.921785714285
 Kuga,12618.921
 EcoSport,14640.15
 Focus,2899.273
 Focus,13301.753
 Ka+,8011.342
 Focus,9289.232
 Fiesta,9179.169
 Fiesta,10703.974
 KA,6750.866
 Focus,5565.958
 Focus,19131.696
 Fiesta,23726.645
 Fiesta,11042.848
 Kuga,19599.493
 Kuga,13103.255
 C-MAX,6046.457
 Fiesta,14756.094
 Fiesta,16684.619
 Fiesta,10473.48
 Focus,13784.15
 Fiesta,16200.236
 Kuga,14755.981
 Edge,20746.532
 EcoSport,10974.195
 Kuga,20782.127
 Grand C-MAX,16574.055
 Fiesta,14539.433
 Fiesta,9646.811
 Focus,14175.201
 Galaxy,5000.124
 Fiesta,8990.988
 S-MAX,12433.754
 Fiesta,6210.611
 Focus,27276.381
 Fiesta,10661.21
 Focus,10628.866
 Fiesta,5974.579
 Focus,16315.422
 Kuga,14941.451333333333
 Focus,16143.659
 Kuga,15252.358333333332
 Focus,6574.241
 Kuga,13148.695
 Fiesta,10986.834
 Mondeo,16353.389
 Mondeo,6755.638
 Fiesta,6794.326
 Fiesta,17115.2
 KA,5501.883
 EcoSport,13301.429
 Kuga,12141.843
 Focus,18713.15
 EcoSport,14239.961
 Kuga,13836.063
 Mondeo,9146.994
 Fiesta,9934.917583333332
 Fiesta,11560.553
 Fiesta,10768.599
 Focus,10386.947
 Fiesta,13931.511
 Fiesta,9914.436
 Galaxy,3449.761
 KA,11341.349
 Fiesta,15327.98
 Fiesta,9210.419
 S-MAX,12343.867
 Fiesta,11738.768
 EcoSport,14130.9016
 Fiesta,6871.388
 Focus,11692.135
 Fiesta,9527.988
 Fiesta,9525.699
 Kuga,10095.652
 B-MAX,8675.493
 Fiesta,8899.256
 Fiesta,13993.236
 Focus,8601.615
 Focus,9956.235
 Fiesta,9374.421
 Fiesta,16983.305
 B-MAX,11109.04
 Fiesta,8377.737
 EcoSport,19099.218
 Focus,13180.58
 Kuga,23944.481
 Fiesta,8521.661
 Fiesta,10272.078
 Galaxy,18581.11
 Fiesta,9160.024
 Focus,8136.478
 C-MAX,10183.644199999999
 Fiesta,7434.143450000001
 B-MAX,10588.486
 Focus,10710.187
 Focus,9207.539
 Fiesta,6148.227
 C-MAX,9050.779
 Fiesta,8212.095
 Fiesta,8610.649
 Fiesta,13089.008
 Focus,16009.089
 Focus,17942.062
 Fiesta,11386.373
 B-MAX,8775.064
 Focus,8713.57
 Focus,21714.775
 Mondeo,12097.654
 Kuga,16379.715
 Fiesta,8914.814
 EcoSport,17680.075
 Mondeo,14812.565
 Kuga,16364.191
 Fiesta,8095.328
 Fiesta,6607.371
 EcoSport,13244.262
 Fiesta,10170.244
 Focus,20963.389
 Fiesta,7030.354
 Fiesta,12569.434
 Fiesta,11649.871
 Fiesta,10729.001
 Kuga,18685.065
 C-MAX,11510.034
 Fiesta,10014.623166666668
 Fiesta,15948.874
 Focus,10343.689
 Kuga,18671.607
 Fiesta,10439.257
 Focus,12543.206
 Fiesta,7201.44
 S-MAX,16752.864
 Kuga,11940.602
 Fiesta,9840.887
 Kuga,10650.2
 Fiesta,11413.975785714285
 Focus,17857.367
 KA,5216.241
 Kuga,18817.865
 Fiesta,16279.746
 Fiesta,16631.347
 Fiesta,9740.097
 Fiesta,12892.414
 Fiesta,9577.748
 Focus,13512.688
 Mustang,40215.38
 B-MAX,5734.057
 Focus,6583.687
 Mondeo,17090.008
 Mondeo,10705.661
 Fiesta,9320.122
 Focus,16461.642333333333
 EcoSport,13765.388
 Focus,17135.326
 Fiesta,23640.007
 C-MAX,6472.82
 Kuga,17725.575
 EcoSport,17286.148
 Focus,2633.231
 Fiesta,11709.822
 KA,4156.437
 Fiesta,10220.146
 Kuga,13233.153
 Fiesta,9009.207725000002
 Kuga,20119.718
 Focus,15400.123
 Focus,18091.447
 Focus,21169.385
 Galaxy,27743.94
 Fiesta,10315.15
 Grand C-MAX,3666.98
 Fiesta,9470.132
 Tourneo Custom,20757.466
 C-MAX,9208.758
 C-MAX,10965.501
 Kuga,16161.07
 Fiesta,6277.339
 Fiesta,7825.495
 Focus,10628.125
 Fiesta,6390.996
 Kuga,12944.509
 Fiesta,14235.950785714285
 Galaxy,6178.446
 Focus,16896.977
 B-MAX,6593.808
 Fiesta,11498.835
 Focus,14482.84
 Mondeo,18022.324
 Mondeo,19861.916666666668
 EcoSport,13827.484
 S-MAX,16926.101
 Focus,12852.799
 Focus,13652.874
 EcoSport,16630.475
 Focus,16215.113
 Ka+,8648.646
 Fiesta,6070.341
 Focus,13964.913
 Focus,11130.066
 C-MAX,10939.797
 Kuga,15778.207
 Focus,10146.882
 Fiesta,9313.784
 Fiesta,9630.948
 Fiesta,10454.872
 Fiesta,11487.587
 Kuga,16528.792
 Kuga,13781.584
 Fiesta,10085.288
 Mustang,38629.81
 Fiesta,10970.174
 Fiesta,7493.028
 Fiesta,12123.223
 Fiesta,10010.426
 Kuga,9530.964
 Fiesta,11438.591
 Fiesta,16643.934
 Fiesta,15627.49
 Focus,18053.83
 Fiesta,10028.411
 Kuga,14499.877
 Fiesta,10612.592
 Focus,14578.494
 Edge,24968.365
 Fiesta,9391.553
 Focus,14010.688
 Focus,8985.647
 Kuga,15391.096
 Focus,11789.895
 Ka+,7137.551
 Kuga,10059.246
 Fiesta,8567.943
 C-MAX,3170.765
 Focus,11510.18
 Fiesta,9980.649
 Kuga,15730.989
 Fiesta,12145.491
 Kuga,16562.321
 Fiesta,6825.375
 Fiesta,6793.438
 Fiesta,9341.493
 Fiesta,15257.391
 Fiesta,11284.865
 Fiesta,8619.721
 Focus,11992.219
 Focus,11366.631
 Focus,17688.153
 Fiesta,10193.944
 Fiesta,16174.62
 Focus,11317.475
 Fiesta,14693.09
 C-MAX,10095.31
 Mondeo,27488.424
 Focus,13441.832
 EcoSport,9611.326
 Fiesta,9368.034
 Fiesta,6782.944
 EcoSport,9940.413
 Grand Tourneo Connect,18148.356
 Fiesta,8636.924
 Fiesta,7134.663
 Fiesta,10104.977
 Fiesta,7477.928
 Fiesta,14705.099333333334
 C-MAX,10251.655333333332
 Fiesta,16284.444
 S-MAX,24302.26269047619
 Focus,10732.07
 Fiesta,10623.885
 Fiesta,12651.687
 Fiesta,10326.893
 EcoSport,15293.45
 EcoSport,17263.692
 Galaxy,4167.233
 Fiesta,16494.986
 Fiesta,10988.452
 Kuga,12908.841
 Focus,3234.932
 Focus,9473.077
 Grand C-MAX,11726.174
 EcoSport,9264.655
 EcoSport,12423.431
 Galaxy,16752.864
 Fiesta,8329.15
 Focus,13521.745
 Fiesta,11759.216
 Fiesta,10307.43
 EcoSport,16713.011
 Fiesta,8017.235
 Focus,7470.14
 Focus,6252.216
 Fiesta,7580.054
 Fiesta,9060.452
 Fiesta,5706.196
 Fiesta,10255.824
 Fiesta,7897.31
 Kuga,10435.933
 C-MAX,11750.65
 Fiesta,9971.264424603176
 Fiesta,6423.409
 Fiesta,9184.714416666666
 Ka+,7909.752
 Focus,13361.221
 Focus,19205.47
 Fiesta,14577.233
 Focus,7185.906
 Focus,8739.204099999999
 C-MAX,10059.244
 Edge,19494.85
 Kuga,16765.864
 EcoSport,12789.793
 Kuga,17552.448
 EcoSport,12745.072
 S-MAX,9071.244
 Fiesta,10521.588
 Focus,6878.175
 Fiesta,11635.336
 Tourneo Connect,10512.868
 Focus,13413.871166666664
 Mondeo,12617.371
 Kuga,4776.654
 Kuga,17187.073
 Fiesta,8587.365
 Focus,10035.146
 Focus,12109.407
 Fiesta,13970.903
 C-MAX,3687.561
 Focus,16468.246
 Kuga,15967.232
 Mondeo,3806.738
 Focus,15952.116
 Ka+,7831.924
 Focus,13045.245
 Kuga,17399.972
 Fiesta,10520.234333333334
 Fiesta,7700.06
 Fiesta,9908.786
 Fiesta,7731.722
 Focus,10866.201
 Kuga,14783.729
 Focus,15652.321
 Grand C-MAX,10159.965
 Fiesta,8126.988
 Kuga,16902.277
 Focus,10703.905
 Edge,19398.865
 Fiesta,11729.872
 Ka+,7970.334
 Mondeo,8161.202
 Focus,14824.623
 Ka+,7078.418
 Mondeo,18784.033
 C-MAX,10171.9465
 Fiesta,15100.677
 Fiesta,8558.374
 Focus,16342.127
 Ka+,9691.172
 Focus,13880.524
 Focus,12945.271
 Fiesta,11964.974
 Fiesta,8676.41
 Kuga,16392.995
 Kuga,16345.432
 C-MAX,9489.012
 Kuga,10805.282
 Focus,9711.534
 Edge,18115.77
 Tourneo Custom,20022.216
 Grand Tourneo Connect,7629.213
 S-MAX,17437.154
 Edge,21293.539
 Fiesta,10085.73
 S-MAX,8854.663
 EcoSport,12867.799
 Fiesta,9942.553
 EcoSport,13039.176
 Focus,11776.801
 Focus,12221.208
 Mondeo,18196.536
 Fiesta,9659.772
 Grand Tourneo Connect,12843.925
 Fiesta,9771.834
 Focus,9935.113
 Focus,18631.985
 Focus,17005.862
 Focus,5971.812
 Fiesta,13782.231
 Fiesta,15631.451
 Fiesta,10376.019
 Focus,7436.439
 Focus,17565.203
 S-MAX,21693.038333333334
 Kuga,11392.495
 Fiesta,14715.479
 Kuga,18041.65
 Focus,16572.114
 Fiesta,8314.119
 Fiesta,8392.09738571428
 Fiesta,15850.258
 Kuga,17666.402
 Kuga,18882.914
 Kuga,13752.804
 Focus,14423.022
 Focus,13980.081
 Fiesta,8552.24
 B-MAX,8827.251
 Focus,10824.812
 Kuga,14638.445
 Kuga,9980.569
 C-MAX,9495.2115
 Fiesta,9135.604
 Focus,19785.083
 Kuga,11072.643
 Fiesta,9524.748
 Focus,17489.315
 EcoSport,17004.003
 Fiesta,8420.38
 Fiesta,12617.538
 Fiesta,6796.381
 Focus,16382.222
 EcoSport,8722.85
 Fiesta,11173.251
 Grand C-MAX,10355.751
 Kuga,15615.523
 Fiesta,12596.558
 Kuga,15737.035
 Focus,18954.455
 Puma,21323.777
 Focus,11927.274
 Fiesta,10367.508978571428
 Focus,18170.982
 Ka+,8845.275
 EcoSport,14747.551
 Fiesta,12087.419
 B-MAX,10288.187
 Focus,19257.259
 Fiesta,8852.056283333332
 Ka+,7546.211
 Galaxy,17357.954
 Fiesta,8658.176
 Fusion,2439.43825
 Kuga,14761.634
 Focus,10273.38
 Mondeo,19861.916666666668
 Fiesta,6466.927
 EcoSport,14285.093
 Focus,11709.155
 Focus,11723.496666666662
 EcoSport,15691.194
 Fiesta,17787.229
 KA,4740.246
 Fiesta,6208.186
 Fiesta,11554.178285714286
 Fiesta,5883.323
 Focus,6129.77
 Focus,7700.143
 Focus,13034.648
 S-MAX,18171.972
 Focus,13907.151
 Kuga,10668.041
 Fiesta,11336.268
 Focus,11796.663
 Fiesta,9574.013
 Fiesta,13408.714
 Focus,16909.759
 Focus,9870.378
 Kuga,22320.719
 Kuga,10991.707
 Fiesta,11639.0
 Kuga,16115.017
 Kuga,10958.668
 Focus,10674.212
 Fiesta,10799.388
 Fiesta,10255.824
 Fiesta,7527.275
 Fiesta,11129.797
 Kuga,14473.264
 Fiesta,10557.754
 Kuga,12567.667
 Focus,11379.213
 Fiesta,5600.114
 Puma,22527.085
 Fiesta,9189.394
 Fiesta,14584.179
 Fiesta,12095.787
 Focus,8692.739
 Ka+,7990.327
 Fiesta,3396.805
 Focus,18479.108
 Fiesta,8539.938
 Ka+,7894.4
 EcoSport,17355.946
 Focus,15484.935
 Focus,14504.952
 Fiesta,9961.619
 Fiesta,8517.35
 Ka+,12901.141
 Focus,11686.378
 Fiesta,9735.184
 Fiesta,7971.902
 Fiesta,9062.512
 Focus,25193.803
 Focus,7230.159
 Kuga,12669.145
 Focus,16037.386
 Fiesta,10286.723
 Fiesta,7174.527
 S-MAX,14172.853
 Kuga,18779.78
 Focus,11724.071
 Fiesta,11471.125
 EcoSport,16035.769
 Fiesta,9843.283
 Focus,10737.201
 Fiesta,8769.09175
 Fiesta,11965.168
 Ka+,8537.653
 Fiesta,9896.0
 Kuga,13304.425
 Kuga,15895.88
 Fiesta,9145.337
 Fiesta,7954.084
 Kuga,14953.052
 Fiesta,8313.155
 Focus,14212.756
 EcoSport,14453.084
 Fiesta,15811.102
 Fiesta,7027.746
 Mondeo,17645.893
 Fiesta,9514.811
 Fiesta,7372.872
 Focus,11257.536
 Focus,16159.596
 Fiesta,7334.626
 Focus,19312.622
 Focus,13107.975
 Focus,15780.595
 Focus,14782.167095238092
 Mondeo,13254.218
 Kuga,15069.306682539684
 Ka+,8439.103
 Focus,9696.087
 Fiesta,8797.928
 Kuga,13761.68
 Fiesta,10445.12
 Edge,23790.616
 Fiesta,6352.89
 EcoSport,8530.499
 Focus,12986.968
 Fiesta,9088.478
 Fiesta,7069.932
 Fiesta,8485.529
 Fiesta,15287.324
 Focus,9497.874
 EcoSport,13624.837
 Focus,5697.276
 Kuga,14677.976
 Focus,5314.066
 Focus,17473.651
 Fiesta,9824.83
 Fiesta,11061.1
 Focus,10416.521
 Focus,9764.055
 Fiesta,6119.696
 Kuga,16048.023
 S-MAX,24305.706
 Ka+,7680.465
 Focus,13732.375
 Fiesta,9436.126
 Galaxy,18524.672
 Fiesta,5616.214
 KA,4815.075
 Fiesta,12934.485
 C-MAX,6546.246
 Focus,18414.607
 Fiesta,10048.231
 EcoSport,12397.28
 Focus,10027.218
 Focus,9950.292
 Fiesta,8044.565
 Fiesta,8220.405
 Fiesta,11106.271
 EcoSport,13085.232
 Focus,11593.015
 Focus,11323.779
 Fiesta,7796.494
 Kuga,16788.393
 Focus,11993.942
 B-MAX,6338.979
 S-MAX,17482.991
 Kuga,20551.536
 Fiesta,8528.832
 KA,6945.072
 Fiesta,6762.968
 Fiesta,9091.953
 Kuga,19599.493
 Fiesta,9671.695
 Kuga,18771.821
 Focus,6502.778
 Fiesta,12676.468
 Fiesta,9921.994
 Kuga,14449.11
 C-MAX,2878.737
 KA,4813.472
 Kuga,21924.895
 Fiesta,7511.551333333333
 Focus,12192.662
 Fiesta,11010.955
 Fiesta,8662.016
 Kuga,18137.881
 Focus,17297.266
 Ka+,7432.231
 Focus,21513.796
 Mondeo,5149.525
 Fiesta,16424.601
 Focus,16256.186
 Kuga,19291.743
 Focus,10188.581
 Fiesta,9566.232
 S-MAX,18137.684
 Kuga,17894.573
 Focus,6911.273
 C-MAX,14842.853
 Focus,6462.958
 Fiesta,10370.055
 Focus,7827.2685
 Focus,11483.769
 Fiesta,9828.193
 Ka+,7689.39
 Mondeo,7953.158
 Fiesta,9899.363
 Focus,14174.811
 Focus,11341.031
 EcoSport,13924.865
 Focus,9859.332
 Focus,10762.417
 Fiesta,10031.949
 Fiesta,7580.041
 Kuga,11071.388
 Fiesta,11321.428
 Focus,9403.008
 Fiesta,8514.562
 Kuga,20598.494
 Fiesta,9775.542
 EcoSport,14986.846
 Kuga,14961.753
 Focus,17304.858023809524
 Fiesta,2194.0325
 Fiesta,8992.949285714287
 Fiesta,7744.08
 EcoSport,14939.237
 Fiesta,5887.614
 Fiesta,9780.755
 Focus,17392.337
 EcoSport,7573.142
 Fiesta,7631.261
 Focus,16310.012
 Kuga,16473.182
 Focus,6972.243
 Fiesta,9988.341
 Fiesta,8570.065
 Kuga,16110.232
 Fiesta,2030.0111785714287
 C-MAX,10598.512333333332
 Focus,27276.381
 Fiesta,8845.988
 Fiesta,10248.855
 Fiesta,10395.842
 Fiesta,16146.646976190475
 Focus,21481.161
 Focus,17234.808
 Mondeo,3296.043
 Focus,17224.767
 Galaxy,18007.551
 Kuga,12497.02
 Grand Tourneo Connect,18199.463
 Mondeo,23281.936
 Fiesta,10302.364
 Fiesta,9846.424
 Fiesta,6389.303
 Ka+,7793.428
 Focus,10431.544
 Fiesta,6813.014
 Fiesta,9807.481
 Focus,8157.494
 Fiesta,15922.859333333332
 Focus,16762.814
 KA,2185.563
 Focus,13941.711
 Fiesta,12376.495
 Fiesta,5900.867
 Focus,11989.237
 Fiesta,6094.561
 Fiesta,9764.445
 Fiesta,11794.25
 Fiesta,10385.102
 Mondeo,7423.401
 Fiesta,15230.406
 Fiesta,23817.051
 Fiesta,10088.673
 Focus,16821.899
 Fiesta,7799.536
 Fiesta,9839.718
 Fiesta,6864.283
 EcoSport,13163.11
 Mondeo,19861.916666666668
 EcoSport,12727.749
 EcoSport,12666.491
 Focus,12696.849
 Focus,13879.101
 Fiesta,6461.64
 Focus,10111.542333333333
 Fiesta,9632.369
 Focus,7530.573
 Focus,11250.002
 Galaxy,19004.16
 Kuga,10981.604
 Kuga,13737.044
 Fiesta,8583.828
 Grand C-MAX,10656.763
 Mondeo,7863.512
 Focus,9797.355
 Kuga,15336.854333333333
 Kuga,19113.121
 Kuga,13420.883
 Fiesta,11525.21
 Focus,16505.656
 Focus,18569.418
 EcoSport,14511.21
 Fiesta,8582.472
 Focus,16917.522
 C-MAX,15305.384
 Kuga,12776.804
 Fiesta,7319.476
 Focus,9882.275
 Kuga,16852.388
 EcoSport,14134.3886
 Focus,6987.616
 Focus,13140.206
 Fiesta,9937.783
 Kuga,16529.563
 Fiesta,9340.359
 Kuga,15193.25
 Focus,7526.415
 Fiesta,7261.976
 Kuga,16265.348
 Focus,16400.687
 Edge,22049.09
 Focus,13785.833
 Fiesta,5551.131
 Fiesta,7660.995
 EcoSport,15196.569
 EcoSport,13819.05
 Fiesta,11428.607
 Focus,12981.105
 Edge,18996.423
 Fiesta,6781.222142857143
 Fiesta,11306.197
 Ka+,7461.069
 Focus,15140.301
 Focus,17273.374
 Galaxy,15749.021
 Focus,5611.983
 Fiesta,10471.004
 Kuga,13565.731
 KA,8175.06
 Focus,10451.155
 Fiesta,10007.582
 C-MAX,10890.009666666667
 Grand C-MAX,12131.034
 Focus,11041.036
 S-MAX,16727.077
 Fiesta,12417.481
 S-MAX,18407.557
 Focus,7492.045
 Fiesta,10203.666
 Fiesta,11817.886
 Focus,17292.010666666665
 EcoSport,14518.631
 Focus,11487.859
 Fiesta,9026.868
 Mondeo,17440.756
 C-MAX,13735.745
 Fiesta,13130.919300000001
 Fiesta,11077.293
 Fiesta,10253.176
 Kuga,18792.873
 C-MAX,10969.164
 Focus,14201.204
 Fiesta,6413.07
 Ka+,7393.229
 Fiesta,9286.411
 Focus,8074.75
 Kuga,10395.314
 Ka+,8106.958
 Mondeo,20800.483523809522
 Fiesta,10248.188199999999
 Fiesta,12315.414
 Fiesta,5391.421
 Focus,6188.269
 Kuga,15333.576
 Fiesta,11027.499
 Focus,10045.728
 Fiesta,12543.731
 Kuga,15004.353
 EcoSport,9492.53
 Kuga,24327.4
 Fiesta,14904.406
 Focus,14142.132
 EcoSport,9925.11
 Edge,19014.616
 Fiesta,8308.02
 Fiesta,9397.8465
 Kuga,6734.036
 Focus,10616.918
 KA,3604.554
 Edge,19666.995
 Fiesta,7390.546
 Fiesta,10231.721
 Fiesta,12454.57
 Fiesta,10242.077
 Fiesta,9643.72
 Puma,18443.457
 Kuga,8400.258
 EcoSport,13967.949
 Focus,16654.253
 Focus,19247.933
 Focus,11784.045
 Fiesta,10115.987
 Focus,13178.534
 EcoSport,8858.532
 Fiesta,13358.922
 Fiesta,8594.393
 Focus,11093.164
 Fiesta,8374.341999999999
 Fiesta,8866.997
 Fiesta,9314.479
 Focus,13176.222
 Galaxy,17491.461
 EcoSport,13220.233
 Fiesta,6364.676
 Ka+,10699.168
 Focus,8066.051
 EcoSport,10374.326
 Kuga,13967.853
 Focus,8757.869
 Fiesta,8240.734
 Focus,13455.453
 KA,3811.476
 Fiesta,8325.454
 Kuga,15320.971
 Mondeo,9555.129
 Focus,5910.276
 Fiesta,9902.768
 Galaxy,11758.179
 Focus,16409.598
 Focus,15824.758
 Kuga,16388.495
 Fiesta,7304.249
 Focus,10913.626
 Fiesta,8949.393
 EcoSport,13568.53
 Kuga,20993.421
 Fiesta,6146.193
 Fiesta,13003.058
 Kuga,30121.761
 Kuga,14111.13
 Focus,16399.731
 Focus,13953.295
 Kuga,12199.146333333332
 Focus,17787.08
 EcoSport,7894.454
 EcoSport,11674.496
 Focus,12937.1
 Fiesta,12534.802
 EcoSport,10366.903
 Focus,10814.632
 Fiesta,8643.354
 Focus,19026.814
 Ka+,8169.55
 Focus,16615.841
 Fiesta,7612.229
 Fiesta,8561.315
 Focus,9473.077
 Puma,20867.651
 Focus,12404.599
 Fiesta,9438.569
 Grand C-MAX,15491.505
 Focus,18575.534
 Focus,14782.167095238092
 Fiesta,10560.34
 Focus,12861.85
 Puma,1605.877
 KA,4265.964
 Ka+,8193.855
 Puma,21498.374
 Focus,13471.378
 Fiesta,9862.542
 Fiesta,13409.639
 Fiesta,10590.913
 Fiesta,10942.001
 Fiesta,10824.669
 B-MAX,6979.82
 Focus,16918.386
 Mondeo,7514.422
 Kuga,13569.119
 Fiesta,9054.196
 Fiesta,8292.46
 Focus,24955.164
 Kuga,15142.457
 Focus,9936.055
 KA,5361.164
 Kuga,16676.176
 Focus,11611.874
 Kuga,15499.661
 Kuga,15057.568
 Fiesta,12919.003
 Kuga,21877.962
 S-MAX,25374.962666666663
 Focus,2794.021
 Ka+,8657.763
 Focus,18995.939
 Fiesta,8558.359364285714
 Fiesta,9406.034
 Fiesta,9610.164
 EcoSport,10066.007
 Focus,16872.182
 Focus,12764.581
 Fiesta,10339.869
 Fiesta,6419.056
 Focus,6342.984
 Fiesta,13507.843
 Fiesta,19547.629
 Focus,17294.642
 EcoSport,16288.132
 Mondeo,7933.2485
 Fiesta,9019.543
 Fiesta,15318.333
 Tourneo Custom,16254.976
 Fiesta,5709.769
 B-MAX,12497.133
 Fiesta,9413.115
 Focus,9408.023
 Fiesta,9874.277
 Focus,17674.23023809524
 Fiesta,11481.246
 Kuga,9171.084
 Focus,10248.689
 Focus,10912.28
 Fiesta,8202.665
 Fiesta,11171.333
 Ka+,11675.457000000002
 Fiesta,14153.189
 Mondeo,21697.912
 Fiesta,11188.184
 Ka+,7764.278
 Focus,14824.623
 C-MAX,3044.568
 EcoSport,10302.295964285715
 Ka+,8371.765
 Focus,6299.031
 Galaxy,18046.653
 Fiesta,9765.788
 Fiesta,10780.746
 Fiesta,7153.93
 Fiesta,10309.777
 Focus,14800.076
 Kuga,17376.319
 B-MAX,10640.074
 Focus,10715.596
 Fiesta,10027.811
 EcoSport,9373.595
 EcoSport,15334.522
 Kuga,19540.012
 Fiesta,11504.214
 Fiesta,7083.169
 Focus,11370.342
 C-MAX,11159.108
 S-MAX,15358.594
 Fiesta,10069.04
 Focus,16344.623849206353
 Fiesta,11082.307
 Mondeo,5874.323
 Fiesta,6510.334
 Fiesta,10260.866
 Focus,12762.288
 B-MAX,9790.246
 Fiesta,13371.901
 Focus,21194.4
 Kuga,16815.826
 Fiesta,12570.905
 Focus,11320.168
 Focus,8846.338
 Focus,19406.948
 Fiesta,15114.739
 Fiesta,10243.555
 Kuga,17187.073
 Kuga,11006.397
 Ka+,7638.586
 C-MAX,9873.386
 Focus,9455.596
 Focus,9340.401
 Focus,17941.519
 EcoSport,13855.92
 S-MAX,18406.832
 Focus,14389.389
 Focus,16998.267
 Fiesta,13016.089
 B-MAX,6639.175
 EcoSport,13558.082
 Fiesta,7543.459
 Ka+,10269.978
 Focus,9068.146
 Focus,8157.712
 Kuga,20519.668
 Kuga,10585.932
 Kuga,10412.479
 Focus,15116.125
 Fiesta,16119.749788095238
 C-MAX,9576.52
 EcoSport,9258.217
 Kuga,21986.39
 Tourneo Custom,16031.056
 B-MAX,5506.146
 Kuga,17292.647
 Fiesta,14564.0835
 Fiesta,10099.699
 Tourneo Custom,19565.936
 Fiesta,9615.954
 Focus,10701.745
 Fiesta,9410.981
 Focus,11093.434
 B-MAX,6361.696
 Focus,10498.768
 Kuga,18155.352
 Kuga,11241.492
 Focus,9862.627
 Fiesta,10517.847
 Fiesta,10019.253
 Fiesta,13024.39
 Kuga,15391.096
 Grand Tourneo Connect,17241.758
 Focus,11851.763
 Fiesta,9685.375
 Fiesta,8398.937
 C-MAX,9491.844
 Kuga,15946.911333333332
 Focus,19225.285
 Fiesta,11096.709
 Kuga,10027.273
 Fiesta,9920.208
 Fiesta,8766.565
 Focus,18479.073
 Kuga,11045.379
 Galaxy,19258.91
 Focus,10201.509
 Focus,11881.783
 Focus,11817.736
 EcoSport,12822.593
 Fiesta,7378.046
 Focus,18712.869
 Focus,6763.12
 Edge,18583.188
 Focus,6358.611
 Fiesta,11275.766
 Fiesta,11240.971
 Focus,6784.254
 Fiesta,8687.855
 Fiesta,6089.3
 Mondeo,19861.916666666668
 EcoSport,16358.965
 Focus,12112.274
 Ka+,7669.675
 Fiesta,11968.362
 Fiesta,11188.859
 Focus,15051.86
 Puma,17571.012
 Focus,10633.566
 Fiesta,9228.282
 Focus,14581.591
 Galaxy,8480.48
 Kuga,16235.528
 C-MAX,10221.923
 Grand C-MAX,12898.025
 Kuga,10073.392
 C-MAX,10877.817666666666
 Kuga,13342.612
 Fiesta,7964.708
 Fiesta,12977.82
 EcoSport,8101.27
 Ka+,7543.203
 Ka+,7919.069
 Tourneo Custom,21652.5
 Focus,13288.712
 B-MAX,11255.112
 C-MAX,10525.558
 Focus,10709.922
 Focus,11995.982
 Ka+,12362.66325
 Fiesta,9470.132
 Tourneo Custom,20766.595
 Focus,11376.768
 Fiesta,7210.481
 Focus,15484.12
 Fiesta,13948.395
 Fiesta,11168.899
 Fiesta,8764.897933333335
 Fiesta,10114.291
 Fiesta,7561.966
 Focus,21072.483
 EcoSport,13887.394
 Kuga,13710.128
 Fiesta,13667.491
 Fiesta,5202.84
 Focus,14171.379
 Focus,17155.559
 Focus,13571.051
 Galaxy,16296.212
 Fiesta,8616.575
 B-MAX,7417.332
 Focus,11357.355
 Kuga,10534.522
 Fiesta,8801.945
 Ka+,7718.762
 Fiesta,16467.853
 Focus,13347.43
 Mondeo,10440.731
 EcoSport,15386.16
 S-MAX,28671.962
 Focus,17315.813
 Focus,17299.644666666663
 Fiesta,12493.322
 Focus,9731.939
 Fiesta,8667.28
 Focus,9767.231
 Galaxy,15523.199
 KA,2513.689
 Fiesta,6296.497
 Fiesta,11726.992
 EcoSport,9067.597
 Fiesta,11721.316
 Kuga,15001.67
 Mondeo,13350.235
 Fiesta,6816.533
 Fiesta,11955.82
 Fiesta,9566.658
 Fiesta,9910.324
 Fiesta,5990.138
 Fiesta,11027.499
 Focus,13236.684
 Focus,13128.779
 Fiesta,10414.624
 Fiesta,7611.717
 Fiesta,8483.848
 Focus,21500.567
 Fiesta,8552.312
 Fiesta,11857.308
 Kuga,18753.476
 Focus,10764.874
 Kuga,20030.587
 Focus,11405.864
 EcoSport,10895.411666666669
 Fiesta,8825.082
 Fiesta,7814.061
 Fiesta,6402.428
 Focus,13051.02
 Fiesta,10780.881
 Fiesta,2044.107875
 Focus,12639.62
 Fiesta,11781.807
 Fiesta,9772.446
 Fiesta,8317.033
 Focus,14161.858
 Focus,15482.193
 Focus,13468.52
 Focus,11307.635
 S-MAX,24301.238
 Fiesta,10253.625
 Fiesta,14210.426
 Focus,14054.067
 Fiesta,12614.182
 Focus,11158.269
 Focus,18556.618
 Focus,11194.734333333332
 Fiesta,10790.748883333334
 Fiesta,10377.621
 Focus,16112.511
 S-MAX,26433.658
 Fiesta,5107.151
 Fiesta,11223.373
 Kuga,15899.569
 EcoSport,9346.394
 Tourneo Connect,7992.976
 Fiesta,11607.053
 Focus,11721.225
 Fiesta,8067.1585
 Focus,7680.469
 Fiesta,11297.605
 Fiesta,9243.549
 Kuga,10840.212
 Kuga,21851.29
 Kuga,13654.496
 Kuga,15606.715
 KA,3796.329
 Focus,12211.301
 Focus,12712.816
 Fiesta,11939.245
 C-MAX,7548.308
 Kuga,24676.527
 Galaxy,17970.042
 Focus,16087.255
 Galaxy,15881.093
 Focus,11311.931
 Grand C-MAX,10002.219
 Focus,7638.3895
 B-MAX,7046.197
 Ka+,7114.289
 Focus,16998.312
 Fiesta,8598.693
 Fiesta,10696.997
 EcoSport,15195.998
 Kuga,14705.876
 Fiesta,9484.765
 Focus,10079.141
 Ka+,8958.14
 Kuga,15476.269
 Fiesta,10046.68875
 Fiesta,7271.313
 Galaxy,18677.987
 Fiesta,8633.154
 Kuga,10980.531
 B-MAX,5448.038
 Puma,21860.104
 Focus,6405.021
 Fiesta,10888.39
 Fiesta,10613.3055
 B-MAX,8298.824
 Focus,7138.049
 Fiesta,14693.79
 Fiesta,15846.44
 Fiesta,12511.504
 Fiesta,12022.27
 Fiesta,8364.185
 Kuga,12447.316
 Fiesta,8578.348
 B-MAX,7016.642
 Fiesta,10169.048
 Fiesta,9354.906
 S-MAX,27014.327
 Kuga,17599.326
 Fiesta,9484.765
 Fiesta,9567.144
 EcoSport,13219.316
 Focus,11660.291
 Fiesta,10753.319
 Kuga,17521.167
 Kuga,15488.052
 Focus,16386.278
 Focus,14782.167095238092
 Focus,11078.429
 Focus,11788.65
 Fiesta,18516.987
 Fiesta,14301.945
 S-MAX,21937.534
 Focus,23815.206
 Focus,18936.179
 Fiesta,13253.046
 Focus,16962.817
 Fiesta,7182.99
 Focus,20776.658
 Kuga,12174.921
 Fiesta,7731.849
 Focus,11569.644
 Focus,13460.176
 Focus,10481.027
 Fiesta,8748.958
 Fiesta,7590.278
 EcoSport,10420.488
 EcoSport,17602.267
 Fiesta,7561.816
 Focus,20849.948833333332
 C-MAX,13449.933
 Fiesta,10869.614
 Fiesta,13852.474
 KA,6791.285
 Fiesta,9645.726
 Focus,16586.111
 Grand C-MAX,16103.047
 Focus,19551.486
 Focus,15277.288
 Focus,17046.055
 Focus,15566.492
 Fiesta,8255.545
 Ka+,9112.012
 EcoSport,13173.132
 Fiesta,6200.244
 Fiesta,5274.043
 Fiesta,10741.216
 Fiesta,11173.785
 Fiesta,13330.88
 Fiesta,7790.257
 C-MAX,18746.931
 Edge,18667.983
 Kuga,16942.642
 Kuga,19430.949
 Fiesta,8575.2
 Focus,13133.483
 Fiesta,7102.124
 Fiesta,7992.391
 Kuga,15729.469
 Kuga,11495.046
 Fiesta,7408.744
 Focus,9865.766
 Focus,13371.839
 Edge,21397.791
 B-MAX,13353.222
 Ka+,7843.684
 Grand Tourneo Connect,8410.928
 Kuga,11382.092
 Fiesta,10028.57
 Fiesta,7815.718
 Fiesta,6748.512
 Focus,16546.245
 Kuga,15793.342333333332
 Edge,21238.934
 Fiesta,11006.753
 Focus,16242.672
 Edge,19033.134
 Fiesta,8809.697
 Puma,19872.329
 Fiesta,11750.163
 Mondeo,16247.936
 Kuga,18591.057
 Fiesta,5529.257
 Fiesta,9100.679
 Fiesta,9535.448
 Grand Tourneo Connect,16245.583
 Focus,10620.383
 Galaxy,17899.931
 B-MAX,12175.694
 Focus,10282.241
 Kuga,15586.617
 B-MAX,10207.848
 Fiesta,9946.104
 Fiesta,8662.016
 Kuga,20167.591
 Galaxy,17948.011
 Focus,15318.333
 Fiesta,8260.632
 Fiesta,17633.2985
 Focus,19399.034
 Fiesta,8573.405
 Fiesta,10611.365
 Kuga,15344.725
 Fiesta,14716.157
 Focus,8936.808
 Fiesta,7755.792
 Kuga,16131.558
 Focus,15007.447
 B-MAX,10738.003428571428
 Fiesta,8770.786
 Fiesta,14239.147
 Focus,18443.201
 Focus,7704.901
 Fiesta,9473.692
 Fiesta,10440.126
 Fiesta,9836.236
 EcoSport,9806.335
 Tourneo Connect,23130.222
 Mondeo,18158.646
 Ka+,8611.377
 B-MAX,10687.365
 Kuga,15482.136
 Fiesta,15167.843
 Galaxy,23372.298785714283
 Fiesta,9767.301
 B-MAX,6897.37
 B-MAX,8875.501
 Fiesta,13852.286
 Fiesta,10918.734
 Kuga,16049.656
 Kuga,15057.912
 Kuga,16863.176
 B-MAX,8984.239
 EcoSport,9028.94
 Fiesta,10320.07
 EcoSport,14347.478
 Fiesta,8654.497
 Fiesta,12094.355
 Ka+,8823.041
 Focus,13743.799
 EcoSport,13586.552
 Kuga,14875.351
 Kuga,11107.09
 Fiesta,8277.95
 C-MAX,11450.189
 Focus,9273.975
 Edge,23526.41
 Focus,7682.845
 Fiesta,9788.657
 Kuga,20049.525
 Ka+,11269.518
 Focus,9570.067
 Fiesta,7654.718
 Fiesta,13459.422
 Kuga,12325.927
 Fiesta,11840.189
 Fiesta,10019.613
 Focus,19146.105
 Kuga,17215.751
 Kuga,13009.524
 Focus,15017.444
 Focus,2595.422
 Focus,7482.149
 Fiesta,15377.165488095236
 Fiesta,10602.973833333333
 Kuga,9177.46
 Focus,1837.403
 Fiesta,12471.13
 Ka+,10588.291
 Kuga,15721.371
 Fiesta,10447.211666666666
 Kuga,17793.247
 Focus,8625.642
 Mondeo,17826.122
 Grand C-MAX,9566.375
 Fiesta,11474.579
 Focus,10821.65
 KA,4123.951
 Fiesta,8178.312
 Focus,8691.547
 Mondeo,8372.835
 Focus,8573.445
 Fiesta,11803.801
 Fiesta,8613.413904761905
 Focus,7831.837
 Focus,10019.346
 Focus,19015.456
 Kuga,12687.384
 EcoSport,12124.394
 Galaxy,17470.644
 Focus,19256.012
 Fiesta,10652.809
 Kuga,9507.639
 Fiesta,9916.262
 Mondeo,13112.105
 EcoSport,10036.621
 Fiesta,9128.328
 Fiesta,6809.299
 Focus,11657.831
 Fiesta,14101.043
 Kuga,17849.093
 Focus,12513.797
 Focus,14219.45
 Focus,11523.37
 Fiesta,11686.702
 Fiesta,14262.811
 Focus,10863.46
 Galaxy,9988.427
 Fiesta,1765.94375
 Galaxy,15685.715
 Fiesta,10689.74
 Focus,17345.038
 Focus,15688.329
 Fiesta,16401.795
 B-MAX,16151.606
 Fiesta,14287.932
 Focus,13584.587
 Kuga,15636.02
 Fiesta,6411.864
 Fiesta,14042.283
 Focus,10405.699
 Focus,17063.103
 Fiesta,9752.62
 Fiesta,16511.51
 Mondeo,12369.832
 Ka+,7257.401
 Kuga,10820.784
 EcoSport,17196.921
 Grand C-MAX,12399.942
 Focus,13071.194
 Grand C-MAX,10795.875
 Kuga,17168.829666666665
 Fiesta,6839.647
 Kuga,16732.888
 Edge,23310.483
 Fiesta,8622.059
 Focus,14020.563
 Fiesta,9027.21
 Mondeo,13650.942
 EcoSport,9812.656
 Fiesta,8513.5
 Fiesta,7143.909
 Fiesta,14608.433
 EcoSport,16766.028
 Fiesta,13993.269
 Ka+,7750.45
 Fiesta,11826.996
 Fiesta,8966.203
 Focus,15482.19
 Fiesta,13523.3575
 Fiesta,10548.716
 Fiesta,7702.187
 Focus,17551.242
 Focus,16168.0705
 Puma,21676.991
 Kuga,18578.352
 Focus,15747.906
 EcoSport,14496.585
 Ka+,9076.618
 Fiesta,9813.231
 Kuga,11595.679
 Kuga,19149.575
 Focus,18516.005
 B-MAX,5847.531
 Fiesta,17641.189
 C-MAX,9484.207
 EcoSport,12438.669
 Fiesta,5803.045
 Fiesta,10183.057
 Fiesta,10294.458
 Focus,10891.906
 Focus,8707.948
 Fiesta,11090.652
 Kuga,18586.931
 Kuga,15127.397
 Fiesta,15324.465
 Grand C-MAX,17009.948
 Focus,12849.143
 Focus,16819.869
 Fiesta,10151.253
 Fiesta,9886.754
 Focus,9908.052
 Fiesta,6750.921
 EcoSport,12060.088
 Focus,9309.173
 Focus,16838.07
 Grand C-MAX,16701.097
 Fiesta,8612.748
 KA,4091.45
 Focus,12836.899
 Fiesta,8776.859
 Ka+,7865.123
 Ka+,7533.295
 Fiesta,8131.098
 Focus,13065.794
 Focus,11004.07
 Fiesta,6978.875
 Ka+,8960.406
 Kuga,22047.84
 Galaxy,23472.867
 Focus,10212.331333333332
 KA,4769.784
 C-MAX,9451.494
 Fiesta,6467.869
 Focus,7805.196
 Fiesta,7930.841392857143
 Fiesta,8796.668
 Fiesta,13224.332
 Fiesta,8973.294
 Focus,16398.539
 Focus,16128.18
 EcoSport,14877.383
 Fiesta,10965.122
 EcoSport,15849.531
 Kuga,9034.952
 Focus,16710.731
 Focus,14142.239
 EcoSport,13668.974
 Streetka,2106.13
 Focus,11518.916
 Focus,16871.479
 Kuga,11630.381
 Ka+,8509.502
 Focus,17391.565
 Mondeo,7907.408
 Focus,13361.221
 B-MAX,9630.142
 Kuga,20633.965
 Focus,19666.027
 Focus,15644.095
 Fiesta,10097.777
 C-MAX,9651.343
 Fiesta,18388.898
 Ka+,10737.269
 Fiesta,11744.49875
 EcoSport,9572.752
 Fiesta,11193.59
 Kuga,22343.359
 Focus,7655.766
 Fiesta,10623.533
 Fiesta,12687.521
 Fiesta,16544.344
 Ka+,9231.873
 Fiesta,6251.145
 Focus,10674.871
 EcoSport,13536.109
 Fiesta,10651.815
 Fiesta,14746.042
 Fiesta,7462.329
 Fiesta,10931.412
 Focus,4513.652
 Fiesta,9686.98
 Fiesta,13764.666
 Kuga,12413.624
 Focus,11919.018
 B-MAX,10871.688
 Fiesta,14152.951
 Fiesta,12211.081
 Focus,13737.738
 Focus,13924.474675000001
 C-MAX,9339.803
 Kuga,14748.516
 Kuga,18587.723
 Kuga,17918.891
 Focus,13064.117
 Ka+,6976.549
 Kuga,20021.584
 Fiesta,10720.069
 Fiesta,9632.846
 Fiesta,13024.804
 Kuga,9953.341
 Focus,8320.333
 EcoSport,13908.908
